"","baseMean","log2FoldChange","lfcSE","stat","pvalue","padj"
"Os10g0137300",1261.31634487622,-2.89992834999805,0.35017911304947,-8.28127161767178,1.21866868429071e-16,3.39859614522362e-13
"Os04g0405900",942.198602022088,-1.46300164203977,0.185146531899184,-7.90185820405433,2.74775900393151e-15,4.92614308854836e-12
"Os02g0770800",2517.42709797228,-1.41582058302145,0.203372103064399,-6.96172464997877,3.36132006716951e-12,2.48134624605552e-09
"Os08g0208400",255.415626753063,-10.2777863968093,1.51765344503704,-6.77215633807518,1.26876923383038e-11,7.96120974997718e-09
"Os02g0131800",5867.90101754082,-1.06770003338995,0.166789181825822,-6.40149451962024,1.53863337445999e-10,6.03408735399553e-08
"Os04g0472200",863.370105928844,-2.72684333893248,0.434370950671857,-6.27768347472311,3.43654621454489e-10,1.17534104135067e-07
"Os07g0499500",1751.16639572575,-2.42638782652338,0.392274525030397,-6.18543308754338,6.19322012041531e-10,1.9430453975288e-07
"Os06g0140900",561.57561024078,-1.35421774848865,0.21933134822712,-6.17430093525135,6.64568538158713e-10,2.05925996780809e-07
"Os10g0546100",2321.01496638534,-2.4636674793781,0.40311716424206,-6.11154199799526,9.86730266825725e-10,2.84372342580205e-07
"Os02g0559300",339.078606742123,-2.14602149348168,0.35712370395399,-6.0091824477665,1.86461197362532e-09,4.87498915896061e-07
"Os04g0674800",1873.73332624414,-2.4477872051191,0.408730248962994,-5.98875960692775,2.1144742003199e-09,5.47125649008549e-07
"Os03g0819600",5260.03625891596,-1.25269781543232,0.209805219077039,-5.97076574616738,2.36142599062608e-09,5.98681120593173e-07
"Os03g0236200",2240.97750587406,-1.12206968881375,0.190373433773148,-5.89404554288191,3.76853230167498e-09,8.96404516909531e-07
"Os05g0186300",484.452204352253,-1.96895074882114,0.335984876198221,-5.86023624366805,4.62209133600411e-09,1.08420439665764e-06
"Os07g0683900",39855.3724413614,-0.992001636012171,0.169838409797562,-5.84085565329174,5.19333884639903e-09,1.19584964867678e-06
"Os12g0508500",1584.99019290938,-1.29502149548406,0.22597463480323,-5.73082680988386,9.99422704681878e-09,2.12580597159411e-06
"Os02g0176900",182.389653912301,-2.75706594872862,0.481330161276066,-5.7280140962272,1.01613124942779e-08,2.14318304448639e-06
"Os01g0126100",1469.10062482789,-1.8673681062236,0.336487814402526,-5.54958612554612,2.86346661786635e-08,5.28456975307555e-06
"Os03g0836800",1090.12361158636,-4.19527759502675,0.760515365530718,-5.51636138488684,3.46090224795201e-08,6.22480735823955e-06
"Os04g0583500",2527.68199466713,-0.964339627540047,0.174768509157773,-5.51781114450936,3.43248008267061e-08,6.22480735823955e-06
"Os10g0323600",157.311858060644,-2.59008859925483,0.474891081969481,-5.4540687277452,4.92301600505019e-08,8.58074852158018e-06
"Os10g0122600",2401.99104129713,-1.56209514809097,0.286642730529438,-5.4496241547997,5.04763761327379e-08,8.63022970278022e-06
"Os07g0638600",1235.80848305828,-2.44108717892049,0.450867767547582,-5.41419758657481,6.15641552770484e-08,1.02326705902943e-05
"Os03g0831400",460.975110133841,-2.11743114689352,0.394320754978196,-5.3698191641234,7.88156339884921e-08,1.2441469166523e-05
"Os02g0763800",227.500131362985,-1.68274190944101,0.319990298992679,-5.25872788874613,1.45055345999014e-07,2.12909013405219e-05
"Os01g0812100",140.163024690967,-3.32082502997519,0.631741075606696,-5.25662357285541,1.46724200557195e-07,2.14106436615409e-05
"Os07g0481100",493.335617184695,-1.66779827522444,0.318148686729709,-5.24219757864775,1.5867532660738e-07,2.28884598995324e-05
"Os07g0164800",2103.28045314295,-0.830125503949701,0.159991894126292,-5.18854726036577,2.11940976530485e-07,2.92280580765859e-05
"Os04g0613600",5189.94904822979,-2.55899374170608,0.498391216966279,-5.13450810245563,2.82882907637187e-07,3.65413547312981e-05
"Os06g0108600",798.346701229459,-2.47767116401508,0.482783575352276,-5.13205355465372,2.86597920298366e-07,3.67006183753504e-05
"Os08g0431700",1016.14720516871,-1.96304904740014,0.383229227729916,-5.12238865242192,3.01689251742729e-07,3.77786397104588e-05
"Os01g0164300",703.506805720663,-2.41163595295364,0.473029915472914,-5.09827364838564,3.42765073211458e-07,4.15682003598125e-05
"Os01g0308300",85.9453545215702,-19.2446958820877,3.78962277856784,-5.07826161245541,3.80903969166363e-07,4.54987366772366e-05
"Os02g0280200",951.501008248872,-2.6299320498019,0.526626261767386,-4.99392499146493,5.91643838848058e-07,6.65904426513336e-05
"Os02g0641000",285.369321147449,-2.48688296625944,0.499965142537834,-4.97411270240954,6.55471685022148e-07,7.24743780721184e-05
"Os12g0163700",1100.65774148372,-2.44571224767107,0.495803222252924,-4.9328284648046,8.10473272694557e-07,8.76813304800029e-05
"Os12g0578500",2047.47017246853,-0.560421537297737,0.114352554891247,-4.90082217953692,9.54364094125003e-07,0.000100224202503947
"Os01g0227300",3625.22947159494,-0.521780722315112,0.106788680157286,-4.88610517094692,1.0285027282142e-06,0.000106232057512132
"Os01g0206300",84.53169860858,-4.07687137064613,0.844006018180041,-4.83038187267578,1.36271441975858e-06,0.000133084705142104
"Os01g0179000",876.853980351459,-1.01706641031981,0.213346757389424,-4.76719882113484,1.86804944186901e-06,0.000173011708271108
"Os10g0578800",815.500981591722,-2.64324178386409,0.56257378812356,-4.69848016325202,2.62104640837682e-06,0.000230019733579894
"Os02g0712500",1198.23003016675,-1.07442450941589,0.229056739503502,-4.69064787940661,2.72341310708786e-06,0.000236522303026983
"Os01g0294500",3563.02275828998,-2.09129453224548,0.44620918516263,-4.6868029654819,2.77505898084458e-06,0.000237717424437605
"Os07g0516700",892.076160579806,-0.993171014431857,0.21188457803805,-4.6873209160768,2.76804735782497e-06,0.000237717424437605
"Os08g0531000",3535.62806423311,-1.52220231025449,0.324734213334961,-4.68753290459221,2.76518252342814e-06,0.000237717424437605
"Os01g0157700",234.709791842581,-2.20056873314084,0.470596809600355,-4.67612335708273,2.92348788774699e-06,0.000248734313540887
"Os10g0503500",13633.4292305041,-0.628306821986211,0.134528103698221,-4.67045029784745,3.00540195887232e-06,0.00025483981001938
"Os02g0151300",986.218527214851,-1.16874069340827,0.250306222351718,-4.66924346677253,3.02310937414366e-06,0.000255478189163743
"Os09g0520600",1579.2106424967,-0.555844912808227,0.119227139857577,-4.66206698803821,3.13049252172102e-06,0.000261907439342253
"Os12g0228700",138.934507780052,-5.60864396121829,1.20557896807417,-4.65224104745101,3.28346936333796e-06,0.000271261701571991
"Os03g0368900",5523.08165638946,-0.954420861528032,0.205649463721328,-4.64100826842588,3.46713250037758e-06,0.000282537528009665
"Os11g0265200",1964.64416809769,-0.881209457812249,0.190101161155332,-4.63547646135738,3.56116249097217e-06,0.00028740069890968
"Os10g0578200",1592.14769782597,-1.43729606933941,0.311432859580847,-4.61510731807121,3.92892242182609e-06,0.0003120633666627
"Os11g0167800",41970.2874207093,-1.37187248718261,0.299058251553779,-4.58730859307492,4.48996758676038e-06,0.000345686185460426
"Os02g0272300",277.120994764808,-1.8601896498135,0.410155014984001,-4.53533318344543,5.751262047593e-06,0.000422078731381686
"Os01g0958200",219.368306954909,-1.4138768642493,0.311841643344274,-4.53395784182799,5.78885880975009e-06,0.000423599321474978
"Os06g0152100",19400.3881838368,-0.677269256649454,0.149716411546004,-4.52368080196302,6.07733573618114e-06,0.000438319108167846
"Os04g0325300",149.649554552735,-1.62201107649183,0.359053742579374,-4.51746043597711,6.25857171343081e-06,0.000446261055214205
"Os06g0687900",8110.19734202259,-0.870754982073566,0.192907615867737,-4.51384450612142,6.36629008965066e-06,0.000450105675944061
"Os02g0663800",1500.11951573107,-1.85102441480737,0.413276753746549,-4.47889797339665,7.5029381795488e-06,0.000514525260569659
"Os03g0134800",301.890570347673,-2.69951024087581,0.6075820932836,-4.4430378556528,8.86975525687555e-06,0.000588947056064337
"Os09g0379900",7659.64924448452,-0.985373462045545,0.222081451271813,-4.43699127686046,9.12249888873247e-06,0.000604130869678882
"Os07g0484200",673.276724350959,-2.32583917760161,0.524461927878177,-4.43471499830558,9.21941721291747e-06,0.000608942506913199
"Os01g0962700",1548.53891044849,-1.45641154172296,0.3291238613597,-4.42511684113734,9.63900983106123e-06,0.000628388331817677
"Os02g0285700",341.498857495544,-2.34271349469503,0.529363536542943,-4.42552864519973,9.62063887345723e-06,0.000628388331817677
"Os05g0492600",288.585703206943,-7.4457201318381,1.69095622087889,-4.40326014352289,1.06636169190672e-05,0.000679304875765656
"Os07g0104750",208.630459083866,-2.75243618588657,0.625303353305893,-4.40176143520552,1.07375583950951e-05,0.000680560550905279
"Os06g0228200",2311.27333206187,-1.35889718497494,0.308911782563831,-4.39898139752616,1.08760147707931e-05,0.000685872097316925
"Os10g0553300",1071.71513545302,-1.20119918869391,0.275215747594925,-4.36457288215168,1.27371379344702e-05,0.000779641809329385
"Os08g0250100",52.7726486567441,-2.7120134591087,0.621688451141825,-4.3623352728005,1.28681468354968e-05,0.000782028129356259
"Os06g0695700",233.704697487667,-2.67370399012121,0.613824282120651,-4.3558133296455,1.32573724219195e-05,0.000801799494982551
"Os09g0249000",9451.88243245333,-0.80578392149055,0.185189478504774,-4.35113229972068,1.35436296991392e-05,0.000817143177448787
"Os02g0162150",77.4684837079896,-3.18722685740631,0.735752236474766,-4.33192955372772,1.47808238559605e-05,0.000877030491632988
"Os12g0114000",161.862575579729,-2.23525533378998,0.517130838595699,-4.3224173980031,1.54328870049789e-05,0.000907142929597107
"Os07g0542900",693.387588077647,-2.26061685471717,0.525711365371536,-4.30011029554122,1.70713124366955e-05,0.000984981615730741
"Os07g0638500",295.42293433775,-2.07450482174229,0.484555744094929,-4.28125111924351,1.85845494149528e-05,0.0010577179269068
"Os12g0228650",42.1121240591787,-9.58585639024101,2.24092910662998,-4.27762590163181,1.88897124030526e-05,0.0010702322609576
"Os05g0582100",3768.96720032946,-0.851943178658664,0.199358636205361,-4.27341997755779,1.92497389476743e-05,0.0010881738690263
"Os12g0566100",1333.07576914418,-0.650297676248224,0.152625435937302,-4.26074246572743,2.0374890549964e-05,0.0011402240933282
"Os08g0248100",481.289613958399,-1.2228521221507,0.288212047885928,-4.24289036881169,2.20659246643844e-05,0.00121188762177546
"Os04g0308000",820.461039343455,-6.36487240399045,1.5025418394707,-4.23606999604923,2.27465895694177e-05,0.00124382712767498
"Os02g0109800",6051.71948996673,-0.474036344811894,0.112147843498363,-4.22688774054594,2.36945803337183e-05,0.0012872516705541
"Os08g0556900",1338.51955268773,-1.16703295520679,0.276868532413413,-4.21511590730076,2.4964993900303e-05,0.00135333991771858
"Os04g0686200",2604.16591318156,-0.553735734678182,0.131815286130566,-4.20084613046848,2.65919280207879e-05,0.00143225493861321
"Os05g0135700",133893.634193885,-0.574444588870941,0.137553554199283,-4.17615227912397,2.96481383584572e-05,0.00156660763086088
"Os09g0494200",5063.39665090207,-1.08354662994906,0.259438601484363,-4.17650505263909,2.96022170291622e-05,0.00156660763086088
"Os03g0775700",1673.56341645063,-1.05595572888362,0.254146925808121,-4.15490262385019,3.25426104597527e-05,0.00166721024421576
"Os01g0688000",1104.0127347059,-4.91794567156255,1.18500514307859,-4.15014711141754,3.32261657737175e-05,0.00169500718446044
"Os01g0837300",5613.91596157211,-0.581801899403358,0.140394677903242,-4.14404525935326,3.41232352305717e-05,0.00172673201825024
"Os05g0478800",171.836458974338,-1.19285518436887,0.289113705863042,-4.12590326981575,3.69282469282494e-05,0.0018408425143404
"Os12g0502000",5374.58363016767,-0.488406654228953,0.118398148025686,-4.12512072505556,3.7054034033483e-05,0.00184162217862651
"Os05g0116000",2155.96312117315,-0.546780762554019,0.133121245774979,-4.10738916519957,4.00156690555839e-05,0.00194642108067074
"Os07g0204400",1118.58792740784,-1.74518167717805,0.427269579830298,-4.08449784295712,4.4172236764658e-05,0.00211579956213006
"Os11g0448700",983.090271189738,-1.04375129774279,0.255796730457421,-4.08039342753261,4.49595391079811e-05,0.00213719596983185
"Os10g0415800",908.91841455654,-0.874744706404126,0.214449858917615,-4.079017402106,4.52264517767576e-05,0.00214581987361973
"Os06g0314000",239.087227966342,-1.43233283913666,0.353293293883756,-4.05423160850583,5.02993627813342e-05,0.00234658681496042
"Os07g0294800",1072.47479567197,-0.90065826057869,0.222406402910707,-4.0496058062694,5.130397827968e-05,0.00238458990896609
"Os05g0410100",21.3022215954702,-7.17784167050477,1.77268898364658,-4.0491263480068,5.14091861496838e-05,0.00238506314819023
"Os02g0302700",2216.5025686051,-1.10453802332775,0.273085797170054,-4.04465568980118,5.24000768135714e-05,0.00240877202920115
"Os09g0396900",1298.11723199944,-1.6777504285123,0.416610777996167,-4.02714120019174,5.64591298858737e-05,0.00255986146804481
"Os07g0108200",686.221577040408,-0.62847968002025,0.156544407649899,-4.01470540823026,5.95200890365487e-05,0.00264874949419918
"Os10g0156300",141.121525264224,-6.10080982501367,1.52085592708033,-4.01143179730754,6.03516127174869e-05,0.00267626347631838
"Os12g0227400",5821.35861347377,-1.5610889418015,0.389200872240611,-4.01101090245349,6.04593180104615e-05,0.002676311151225
"Os03g0608000",605.713731610123,-2.66415559591989,0.668080730168145,-3.98777494338051,6.66958882574858e-05,0.00291637647974675
"Os03g0713600",1095.88715169732,-0.751156251157431,0.18844779990618,-3.986017621492,6.71915239343682e-05,0.00292850293156634
"Os11g0130800",284.316808610035,-1.06954169152277,0.268464745351394,-3.98391859654734,6.7788101606898e-05,0.00294362207998535
"Os10g0335000",65.6868177082982,-6.63558144565961,1.67028803623128,-3.97271686183639,7.10574938802294e-05,0.00303487809520596
"Os03g0755100",5704.10467854373,-0.462195346132228,0.116579682593404,-3.96463033566691,7.35097740903001e-05,0.00309567419445041
"Os04g0506800",741.310261735058,-1.65470306225123,0.417763931856506,-3.96085668501318,7.46813472917835e-05,0.00312404522612746
"Os02g0234450",271.496530882994,-1.9288910262028,0.487318290945275,-3.95817489727553,7.55246488311628e-05,0.00314882584885939
"Os11g0282900",96.4833961941142,-2.76028097156086,0.699780918452634,-3.94449305314645,7.996897167399e-05,0.00327863492640557
"Os08g0459600",5119.19871894993,-0.626082269307835,0.15879218355174,-3.942777631141,8.05433281554309e-05,0.00329243809995628
"Os11g0516100",1286.95488740755,-0.584159554935248,0.148392834557227,-3.93657521724856,8.26527219230269e-05,0.00336769588887346
"Os04g0683700",13552.7354997263,-0.493619125206617,0.125406443563455,-3.93615440467257,8.27977123352577e-05,0.00336813578914527
"Os01g0232000",107.126803493989,-3.22059636546009,0.818873023427393,-3.93296185528287,8.39055565924023e-05,0.00340767890762574
"Os03g0116000",980.50786254871,-0.572486714132434,0.145802393437953,-3.92645621675655,8.6206575683455e-05,0.00347356663486806
"Os02g0208500",593.109028290037,-1.63367146929241,0.416787959220847,-3.91967050186966,8.86701126911474e-05,0.00356084985349617
"Os05g0119000",1681.26348069558,-1.16583159894982,0.297516434240467,-3.91854521222025,8.9085020867534e-05,0.00357179702676396
"Os02g0622400",12437.5120660668,-0.365936261892049,0.0934170331165638,-3.91723275385381,8.95712573950905e-05,0.00357985507859773
"Os12g0561000",14397.1774211412,-0.416445270386465,0.106310046878463,-3.91727106340718,8.95570291088802e-05,0.00357985507859773
"Os07g0176600",707.559978706886,-1.58237617936637,0.404047049849533,-3.9163166268771,8.99121465672849e-05,0.00358207137570204
"Os09g0316000",998.37093534295,-2.23515534174509,0.575461630687717,-3.88410837934395,0.000102706089740969,0.00399043366317118
"Os02g0327500",790.572075882777,-1.05786088001892,0.272852654092014,-3.8770408282786,0.000105734620470949,0.00408282036800052
"Os11g0151200",721.669539743632,-1.57357231770796,0.406885580296831,-3.86735827934725,0.000110020728423523,0.00421589353084274
"Os03g0356700",11745.3236207635,-0.459672887248656,0.11916460695169,-3.85746153163589,0.000114570703597602,0.00434647358275104
"Os05g0466900",1291.86435052298,-0.825889869801992,0.214107692258476,-3.85735730038582,0.00011461955446918,0.00434647358275104
"Os06g0621900",891.663041077536,-0.996531357052061,0.258692138290498,-3.85219034346148,0.000117065966922708,0.00443173258490656
"Os04g0621900",238.859719031708,-6.25577953093118,1.62507143147368,-3.84954126309277,0.000118339247627356,0.0044664613175925
"Os01g0972200",3595.34872891204,-1.24999811839173,0.325411214474832,-3.84128777002678,0.000122390528796988,0.00457806241769835
"Os09g0237600",4077.7525611934,-0.404300786130353,0.105297724525622,-3.83959661001007,0.000123236628690613,0.00460102257154882
"Os01g0652100",771.173901006019,-1.0581712545517,0.275775213750166,-3.83707890263966,0.000124506477570785,0.00462601386352407
"Os07g0201100",12185.0853761982,-0.466927259152958,0.122209530637243,-3.8207106820412,0.00013306767815879,0.00490435485184649
"Os07g0557200",861.463360050384,-1.17019276537068,0.306545515695195,-3.81735404844162,0.000134890534642722,0.00495698027671694
"Os06g0203200",574.732025815263,-1.17102854126205,0.307450861243087,-3.80883155287757,0.000139625032885353,0.00510108981133838
"Os03g0299600",6976.54151557241,-0.453789346081741,0.119405436723812,-3.80040774132728,0.000144458194548362,0.00525471916662223
"Os07g0233200",140.278886576691,-1.62292888125988,0.427425204864113,-3.79698918732656,0.00014646417533064,0.00530462386237192
"Os03g0132000",2751.5776838217,-0.555018517474579,0.146953531970367,-3.7768300634414,0.000158837025095622,0.00569521498982144
"Os04g0609500",469.742733940013,-2.64885912294277,0.704219519379699,-3.76141110839412,0.000168957467177516,0.00599810957381678
"Os02g0153000",1274.44383072212,-1.01286636749669,0.270670329518627,-3.74206648101409,0.000182513213304509,0.00634473565198043
"Os01g0594300",1841.11958999386,-1.68490624777724,0.450323702591052,-3.74154466683122,0.000182892662664932,0.00634913269740957
"Os12g0111750",20.1851047417557,-6.72920159950557,1.80107101355325,-3.73622225268611,0.000186805573164693,0.00644423779684056
"Os07g0533600",106.681747945579,-1.73602466437099,0.466565778914676,-3.72085725706101,0.000198547646403921,0.0067525032209919
"Os05g0438500",841.204739974018,-1.95653718515064,0.52609577524871,-3.71897528396933,0.00020003262154841,0.00677546392475511
"Os01g0914000",1830.7034650552,-0.760111870692021,0.204705347756067,-3.71319987007761,0.000204655133233165,0.00690003386762366
"Os06g0157000",6029.07106163994,-0.601847830278514,0.162079210822052,-3.71329442700266,0.000204578650594258,0.00690003386762366
"Os03g0758950",67.7619534647727,-2.94597046312469,0.793747267581891,-3.71147162761194,0.000206057767569401,0.00691905435125213
"Os01g0633500",21.4475435493691,-7.05074233769302,1.90035769757888,-3.71021852710988,0.00020708042038393,0.00692078757818408
"Os01g0764000",139206.929852048,-0.778904409098544,0.211157975113582,-3.68872834985072,0.000225377695043511,0.00747259546617845
"Os09g0373000",7137.62238875869,-0.412547849426121,0.111884990875354,-3.68724925656669,0.000226691284748989,0.00750623292337054
"Os02g0150300",1970.03842024726,-0.773168803628966,0.210036939138576,-3.68110869830783,0.000232221971369866,0.00765905290330127
"Os03g0759600",261.51110507107,-2.37010520393033,0.644282070350543,-3.678676332931,0.000234447571820796,0.00771218821117978
"Os03g0237000",11971.244109721,-0.490529073718619,0.13352012554451,-3.67382124393746,0.000238949928978643,0.007829509487513
"Os09g0127800",5615.98193371409,-0.431238578611928,0.117539236062804,-3.6688904323107,0.000243605447652388,0.00796782583379349
"Os03g0127500",144.951681569123,-1.79598064378081,0.489588723872926,-3.66834560562094,0.000244125044251479,0.00796787319332622
"Os09g0382500",4224.5887368685,-0.598806176378403,0.164290135804302,-3.64480906566227,0.000267590388950038,0.00859571109884469
"Os01g0872650",96.5136402894091,-2.31725700891684,0.63642974309237,-3.64102563412174,0.000271554094167316,0.00868246650892414
"Os08g0527300",54.7549593838103,-2.02830936482936,0.557146281154366,-3.64053289672302,0.000272074341112219,0.00868803293584679
"Os05g0251500",3162.32380378721,-0.456269199421436,0.125617778865094,-3.63220241229901,0.000281012557132725,0.00893933355066448
"Os03g0401300",202783.845234315,-0.59601931179006,0.16437136975541,-3.62605308136664,0.000287786222036051,0.00910759587585804
"Os03g0712700",22362.9547031032,-0.462556865158835,0.127708578540132,-3.6219717613839,0.000292366042483152,0.00920846488505896
"Os06g0681300",1710.49615730223,-1.1990407463862,0.331202992519447,-3.62025939821723,0.000294307814118263,0.00925668148691012
"Os11g0183800",2599.42396480724,-0.361739102732951,0.099962292359777,-3.61875557466215,0.000296023063952464,0.00929897732433405
"Os03g0278200",3501.40796543009,-0.571285115355185,0.15788739801562,-3.61830724006653,0.000296536240058797,0.00930345386154469
"Os02g0629200",19577.7189992548,-0.584352425534829,0.161561686236491,-3.61689976842323,0.000298152689920335,0.00931271544222128
"Os02g0832100",249.959457501737,-1.97073242436456,0.546273423508099,-3.60759344964791,0.000309050242492338,0.00955944580984307
"Os07g0445800",388.134937950997,-1.62624470011752,0.450746285603823,-3.60789373547248,0.000308692865285312,0.00955944580984307
"Os05g0280200",550.616470541237,-0.729697395230922,0.202312863814085,-3.60677705546927,0.000310023811625313,0.00957107951781517
"Os05g0370900",103.426177602235,-2.30706452407485,0.640281797268427,-3.6032017994534,0.000314321308434336,0.0096918311061344
"Os08g0110000",3497.25122358546,-0.538168122617801,0.149711517269767,-3.5947008782769,0.000324764487843189,0.00995270315064251
"Os03g0149100",215.063779910904,-1.39474128111317,0.388212474940424,-3.59272658954922,0.000327235888003006,0.00999196889390858
