gene_1,gene_2,r,gene_1_category,gene_2_category
Os01g0856500,Os02g0743400,0.9920069906995502,Auxin responsive gene,Auxin responsive gene
Os05g0210100,Os01g0856500,0.990178480374907,Ethyelene signalling gene,Auxin responsive gene
Os01g0856500,Os12g0601400,0.9880538655435482,Auxin responsive gene,Auxin responsive gene
Os03g0633800,Os12g0601400,0.9879299310737162,Auxin responsive gene,Auxin responsive gene
Os05g0210100,Os02g0743400,0.9878209893377442,Ethyelene signalling gene,Auxin responsive gene
Os06g0232300,Os02g0743400,0.9868586643748586,Auxin responsive gene,Auxin responsive gene
Os05g0210100,Os06g0232300,0.9863575784054793,Ethyelene signalling gene,Auxin responsive gene
Os02g0743400,Os12g0601400,0.9854223752398932,Auxin responsive gene,Auxin responsive gene
Os05g0210100,Os12g0601400,0.9842019803216147,Ethyelene signalling gene,Auxin responsive gene
Os01g0856500,Os06g0232300,0.9836532755470235,Auxin responsive gene,Auxin responsive gene
Os04g0671900,Os08g0420600,0.9822844471544236,Auxin responsive gene,Mechano sensing gene
Os12g0601400,Os05g0477600,0.9804937870555074,Auxin responsive gene,Cell wall responsive gene
Os03g0822000,Os08g0237000,0.9804842653659793,Cell wall responsive gene,Cell wall responsive gene
Os06g0232300,Os12g0601400,0.9791127986045313,Auxin responsive gene,Auxin responsive gene
Os01g0856500,Os03g0157300,0.9784306019443986,Auxin responsive gene,Mechano sensing gene
Os10g0556100,Os11g0539200,0.9776437139103852,Cell wall responsive gene,Cell wall responsive gene
Os06g0232300,Os03g0157300,0.9772345172654823,Auxin responsive gene,Mechano sensing gene
Os06g0216300,Os09g0518200,0.9766725491990985,Jasmonate responsive gene,Cell wall responsive gene
Os12g0601400,Os10g0397400,0.9762424865170795,Auxin responsive gene,Cell wall responsive gene
Os05g0210100,Os03g0742900,0.97566482165889,Ethyelene signalling gene,Auxin responsive gene
Os12g0601400,Os03g0157300,0.9756573326054817,Auxin responsive gene,Mechano sensing gene
Os03g0742900,Os03g0633500,0.9753513890095213,Auxin responsive gene,Auxin responsive gene
Os12g0133800,Os11g0137000,0.9749895721835253,Auxin responsive gene,Auxin responsive gene
Os05g0477600,Os08g0420600,0.9748426360412649,Cell wall responsive gene,Mechano sensing gene
Os03g0633800,Os05g0477600,0.974690049889529,Auxin responsive gene,Cell wall responsive gene
Os01g0856500,Os05g0477600,0.974578991837061,Auxin responsive gene,Cell wall responsive gene
Os06g0660200,Os05g0477600,0.974365101696216,Auxin responsive gene,Cell wall responsive gene
Os04g0671900,Os12g0601400,0.9739435635677464,Auxin responsive gene,Auxin responsive gene
Os02g0743400,Os03g0157300,0.9738920662163716,Auxin responsive gene,Mechano sensing gene
Os06g0660200,Os06g0232300,0.9736505292560922,Auxin responsive gene,Auxin responsive gene
Os05g0210100,Os03g0157300,0.9726811413856138,Ethyelene signalling gene,Mechano sensing gene
Os03g0742900,Os10g0556100,0.9726449895985333,Auxin responsive gene,Cell wall responsive gene
Os02g0743400,Os05g0477600,0.972594490753663,Auxin responsive gene,Cell wall responsive gene
Os04g0671900,Os02g0743400,0.9722606766221618,Auxin responsive gene,Auxin responsive gene
Os01g0856500,Os03g0742900,0.9715518010738269,Auxin responsive gene,Auxin responsive gene
Os02g0743400,Os08g0420600,0.9713070825151321,Auxin responsive gene,Mechano sensing gene
Os03g0633800,Os01g0856500,0.9711415454642616,Auxin responsive gene,Auxin responsive gene
Os04g0671900,Os01g0856500,0.9709417674352158,Auxin responsive gene,Auxin responsive gene
Os12g0601400,Os08g0420600,0.9705870704914329,Auxin responsive gene,Mechano sensing gene
Os11g0572700,Os08g0109400,0.9704519453461216,Ethyelene signalling gene,Auxin responsive gene
Os04g0671900,Os05g0477600,0.9694458699425289,Auxin responsive gene,Cell wall responsive gene
Os06g0660200,Os01g0856500,0.9686855906315818,Auxin responsive gene,Auxin responsive gene
Os10g0556100,Os03g0302900,0.9685295681789238,Cell wall responsive gene,Cell wall responsive gene
Os03g0742900,Os03g0157300,0.9683199987277672,Auxin responsive gene,Mechano sensing gene
Os03g0742900,Os08g0237000,0.9676652778752283,Auxin responsive gene,Cell wall responsive gene
Os04g0397000,Os11g0539200,0.9673355422967355,Jasmonate responsive gene,Cell wall responsive gene
Os08g0237000,Os10g0556100,0.967039528732573,Cell wall responsive gene,Cell wall responsive gene
Os06g0660200,Os02g0743400,0.9662116817440458,Auxin responsive gene,Auxin responsive gene
Os08g0237000,Os11g0539200,0.9660664543743234,Cell wall responsive gene,Cell wall responsive gene
Os03g0633800,Os04g0671900,0.9658098206556909,Auxin responsive gene,Auxin responsive gene
Os03g0633800,Os02g0743400,0.9657665602497147,Auxin responsive gene,Auxin responsive gene
Os03g0633500,Os11g0137000,0.9657416690391923,Auxin responsive gene,Auxin responsive gene
Os05g0210100,Os06g0660200,0.9656885199702583,Ethyelene signalling gene,Auxin responsive gene
Os06g0232300,Os03g0742900,0.965625193113697,Auxin responsive gene,Auxin responsive gene
Os03g0324300,Os05g0563400,-0.9656021997504259,Ethyelene signalling gene,Auxin responsive gene
Os02g0743400,Os03g0742900,0.9652640431514378,Auxin responsive gene,Auxin responsive gene
Os03g0742900,Os03g0822000,0.9649874060306011,Auxin responsive gene,Cell wall responsive gene
Os01g0580500,Os03g0284100,-0.9646986784736266,Ethyelene signalling gene,Mechano sensing gene
Os06g0660200,Os03g0302900,0.9645588330786588,Auxin responsive gene,Cell wall responsive gene
Os03g0633800,Os08g0420600,0.9643853566902825,Auxin responsive gene,Mechano sensing gene
Os03g0742900,Os11g0539200,0.9639638053995098,Auxin responsive gene,Cell wall responsive gene
Os03g0633800,Os03g0157300,0.9637708237100697,Auxin responsive gene,Mechano sensing gene
Os04g0397000,Os10g0556100,0.9636475323773206,Jasmonate responsive gene,Cell wall responsive gene
Os03g0633500,Os03g0822000,0.9633132760224759,Auxin responsive gene,Cell wall responsive gene
Os03g0633800,Os06g0232300,0.9621959122857903,Auxin responsive gene,Auxin responsive gene
Os06g0660200,Os12g0601400,0.9617597573246071,Auxin responsive gene,Auxin responsive gene
Os05g0210100,Os03g0633800,0.9617415405169418,Ethyelene signalling gene,Auxin responsive gene
Os03g0633500,Os10g0556100,0.9613942539899143,Auxin responsive gene,Cell wall responsive gene
Os08g0237000,Os06g0614100,-0.9612796879623213,Cell wall responsive gene,Mechano sensing gene
Os11g0137000,Os03g0822000,0.9605330394963927,Auxin responsive gene,Cell wall responsive gene
Os03g0742900,Os11g0137000,0.9603176317944759,Auxin responsive gene,Auxin responsive gene
Os01g0856500,Os08g0420600,0.9602803683043876,Auxin responsive gene,Mechano sensing gene
Os02g0743400,Os10g0397400,0.960261650526231,Auxin responsive gene,Cell wall responsive gene
Os06g0232300,Os03g0302900,0.9597257396647195,Auxin responsive gene,Cell wall responsive gene
Os06g0232300,Os03g0822000,0.9596725958517393,Auxin responsive gene,Cell wall responsive gene
Os08g0237000,Os03g0157300,0.9587417062347352,Cell wall responsive gene,Mechano sensing gene
Os11g0572700,Os05g0148700,0.9581649471469545,Ethyelene signalling gene,Mechano sensing gene
Os05g0210100,Os03g0822000,0.9579969518091607,Ethyelene signalling gene,Cell wall responsive gene
Os04g0671900,Os06g0232300,0.957926339780126,Auxin responsive gene,Auxin responsive gene
Os03g0633500,Os08g0237000,0.9576843932426102,Auxin responsive gene,Cell wall responsive gene
Os03g0822000,Os10g0556100,0.9575124723954145,Cell wall responsive gene,Cell wall responsive gene
Os03g0633800,Os03g0742900,0.9573957931540044,Auxin responsive gene,Auxin responsive gene
Os03g0633500,Os03g0438100,0.957234069832957,Auxin responsive gene,Jasmonate responsive gene
Os06g0232300,Os05g0477600,0.9571677686621942,Auxin responsive gene,Cell wall responsive gene
Os10g0556100,Os03g0157300,0.956695116033633,Cell wall responsive gene,Mechano sensing gene
Os12g0601400,Os03g0742900,0.9566265329295355,Auxin responsive gene,Auxin responsive gene
Os04g0671900,Os03g0157300,0.9563502156736416,Auxin responsive gene,Mechano sensing gene
Os05g0210100,Os05g0477600,0.9558500655201974,Ethyelene signalling gene,Cell wall responsive gene
Os11g0137000,Os08g0237000,0.9554047356993599,Auxin responsive gene,Cell wall responsive gene
Os05g0210100,Os10g0397400,0.954949788516767,Ethyelene signalling gene,Cell wall responsive gene
Os12g0133800,Os03g0742900,0.9547235317495266,Auxin responsive gene,Auxin responsive gene
Os02g0743400,Os03g0822000,0.954231583588194,Auxin responsive gene,Cell wall responsive gene
Os01g0190300,Os06g0130400,0.9540383894962948,Auxin responsive gene,Mechano sensing gene
Os06g0232300,Os08g0420600,0.954012259358327,Auxin responsive gene,Mechano sensing gene
Os04g0671900,Os10g0397400,0.9535516312200799,Auxin responsive gene,Cell wall responsive gene
Os06g0654300,Os10g0397400,0.9534300217789884,Ethyelene signalling gene,Cell wall responsive gene
Os01g0856500,Os10g0397400,0.9527708593506452,Auxin responsive gene,Cell wall responsive gene
Os05g0477600,Os03g0157300,0.9526896021761109,Cell wall responsive gene,Mechano sensing gene
Os04g0397000,Os01g0853400,-0.9526218341640861,Jasmonate responsive gene,Jasmonate responsive gene
Os12g0133800,Os06g0614100,-0.9523930373483338,Auxin responsive gene,Mechano sensing gene
Os06g0232300,Os10g0397400,0.9522609760363501,Auxin responsive gene,Cell wall responsive gene
Os12g0601400,Os03g0822000,0.9521789185091016,Auxin responsive gene,Cell wall responsive gene
Os03g0633800,Os10g0397400,0.9521017784146343,Auxin responsive gene,Cell wall responsive gene
Os05g0210100,Os08g0420600,0.9520050751570454,Ethyelene signalling gene,Mechano sensing gene
Os11g0539200,Os05g0403300,0.9519931057869151,Cell wall responsive gene,Mechano sensing gene
Os01g0853400,Os11g0539200,-0.9519025783487437,Jasmonate responsive gene,Cell wall responsive gene
Os03g0742900,Os04g0397000,0.951407392103069,Auxin responsive gene,Jasmonate responsive gene
Os01g0856500,Os03g0822000,0.9512616402277551,Auxin responsive gene,Cell wall responsive gene
Os05g0210100,Os04g0671900,0.9512170284192137,Ethyelene signalling gene,Auxin responsive gene
Os06g0660200,Os03g0742900,0.9510068794109722,Auxin responsive gene,Auxin responsive gene
Os11g0137000,Os06g0614100,-0.9507818005036697,Auxin responsive gene,Mechano sensing gene
Os02g0743400,Os08g0237000,0.9503735945458025,Auxin responsive gene,Cell wall responsive gene
Os01g0856500,Os03g0707600,0.9500916983173036,Auxin responsive gene,Jasmonate responsive gene
Os03g0822000,Os03g0157300,0.94994449840095,Cell wall responsive gene,Mechano sensing gene
Os03g0633800,Os03g0822000,0.9496011292952983,Auxin responsive gene,Cell wall responsive gene
Os02g0743400,Os03g0302900,0.9493158674959679,Auxin responsive gene,Cell wall responsive gene
Os06g0660200,Os03g0157300,0.948855646770218,Auxin responsive gene,Mechano sensing gene
Os01g0856500,Os10g0556100,0.9488136259833719,Auxin responsive gene,Cell wall responsive gene
Os03g0633800,Os06g0660200,0.9486985628874841,Auxin responsive gene,Auxin responsive gene
Os03g0742900,Os03g0302900,0.9485969202077055,Auxin responsive gene,Cell wall responsive gene
Os03g0180900,Os04g0613600,0.9483742886135909,Jasmonate responsive gene,Mechano sensing gene
Os05g0210100,Os03g0707600,0.9478154690438523,Ethyelene signalling gene,Jasmonate responsive gene
Os10g0397400,Os05g0477600,0.9475869555334182,Cell wall responsive gene,Cell wall responsive gene
Os03g0810800,Os11g0539200,0.947533043186736,ABA repsonsive gene,Cell wall responsive gene
Os10g0556100,Os05g0477600,0.9473697370365582,Cell wall responsive gene,Cell wall responsive gene
Os06g0232300,Os03g0707600,0.9471692751357151,Auxin responsive gene,Jasmonate responsive gene
Os03g0302900,Os05g0477600,0.9468137459193307,Cell wall responsive gene,Cell wall responsive gene
Os03g0302900,Os03g0157300,0.9463465636374456,Cell wall responsive gene,Mechano sensing gene
Os03g0822000,Os06g0614100,-0.9462927169694637,Cell wall responsive gene,Mechano sensing gene
Os10g0397400,Os08g0420600,0.9461862601946436,Cell wall responsive gene,Mechano sensing gene
Os03g0324300,Os06g0614100,0.9461383641258516,Ethyelene signalling gene,Mechano sensing gene
Os01g0856500,Os03g0302900,0.9460655644868421,Auxin responsive gene,Cell wall responsive gene
Os05g0213500,Os06g0614100,0.945215142572375,ABA repsonsive gene,Mechano sensing gene
Os10g0573400,Os01g0273800,0.9450243337278792,ABA repsonsive gene,Auxin responsive gene
Os11g0539200,Os03g0302900,0.9450086833194419,Cell wall responsive gene,Cell wall responsive gene
Os02g0743400,Os06g0614100,-0.9447492530055945,Auxin responsive gene,Mechano sensing gene
Os06g0232300,Os12g0133800,0.9447189427259018,Auxin responsive gene,Auxin responsive gene
Os03g0324300,Os08g0537900,0.9446501299807348,Ethyelene signalling gene,Ethyelene signalling gene
Os03g0157300,Os08g0420600,0.9446128423259377,Mechano sensing gene,Mechano sensing gene
Os06g0232300,Os10g0556100,0.9445517988185771,Auxin responsive gene,Cell wall responsive gene
Os01g0856500,Os08g0237000,0.9445251482228975,Auxin responsive gene,Cell wall responsive gene
Os02g0743400,Os10g0556100,0.94449176293348,Auxin responsive gene,Cell wall responsive gene
Os04g0397000,Os08g0237000,0.9437880205614528,Jasmonate responsive gene,Cell wall responsive gene
Os11g0539200,Os03g0157300,0.9434542432912981,Cell wall responsive gene,Mechano sensing gene
Os11g0186900,Os11g0593000,0.943307209742064,Ethyelene signalling gene,Mechano sensing gene
Os01g0853400,Os05g0403300,-0.9431544031593918,Jasmonate responsive gene,Mechano sensing gene
Os06g0232300,Os08g0237000,0.9427669256474585,Auxin responsive gene,Cell wall responsive gene
Os06g0660200,Os08g0420600,0.9427465638155137,Auxin responsive gene,Mechano sensing gene
Os03g0742900,Os05g0477600,0.9426162141941189,Auxin responsive gene,Cell wall responsive gene
Os03g0633500,Os11g0539200,0.942309718743888,Auxin responsive gene,Cell wall responsive gene
Os03g0438100,Os11g0539200,0.9417884076394333,Jasmonate responsive gene,Cell wall responsive gene
Os05g0210100,Os08g0237000,0.9417153544865671,Ethyelene signalling gene,Cell wall responsive gene
Os12g0133800,Os03g0822000,0.9414820818670127,Auxin responsive gene,Cell wall responsive gene
Os01g0580500,Os05g0149400,-0.9413950334121503,Ethyelene signalling gene,Ethyelene signalling gene
Os06g0232300,Os06g0614100,-0.9413684129977028,Auxin responsive gene,Mechano sensing gene
Os11g0137000,Os10g0556100,0.9409458150613689,Auxin responsive gene,Cell wall responsive gene
Os10g0397400,Os03g0157300,0.9407806000504423,Cell wall responsive gene,Mechano sensing gene
Os11g0137000,Os03g0438100,0.9406238815162545,Auxin responsive gene,Jasmonate responsive gene
Os02g0743400,Os03g0707600,0.9405810806998625,Auxin responsive gene,Jasmonate responsive gene
Os06g0597000,Os03g0633500,0.940203740635081,Auxin responsive gene,Auxin responsive gene
Os08g0537900,Os11g0186900,0.9398270099602873,Ethyelene signalling gene,Ethyelene signalling gene
Os12g0133800,Os03g0633500,0.9398134631472222,Auxin responsive gene,Auxin responsive gene
Os03g0810800,Os03g0438100,0.939770702892216,ABA repsonsive gene,Jasmonate responsive gene
Os06g0614100,Os03g0157300,-0.9393773910366228,Mechano sensing gene,Mechano sensing gene
Os06g0660200,Os03g0707600,0.9393650878105135,Auxin responsive gene,Jasmonate responsive gene
Os03g0633800,Os10g0556100,0.9393128618557499,Auxin responsive gene,Cell wall responsive gene
Os03g0742900,Os06g0614100,-0.9392845665180183,Auxin responsive gene,Mechano sensing gene
Os12g0133800,Os10g0556100,0.9386561942481007,Auxin responsive gene,Cell wall responsive gene
Os06g0660200,Os10g0556100,0.938472389662081,Auxin responsive gene,Cell wall responsive gene
Os12g0601400,Os03g0707600,0.9380426506685927,Auxin responsive gene,Jasmonate responsive gene
Os03g0742900,Os03g0707600,0.9379618849321522,Auxin responsive gene,Jasmonate responsive gene
Os06g0166500,Os04g0671900,-0.9379347991628944,Auxin responsive gene,Auxin responsive gene
Os03g0324300,Os08g0237000,-0.937515272496949,Ethyelene signalling gene,Cell wall responsive gene
Os05g0213500,Os02g0743400,-0.9374863935624815,ABA repsonsive gene,Auxin responsive gene
Os03g0438100,Os08g0237000,0.9373134224492405,Jasmonate responsive gene,Cell wall responsive gene
Os02g0512000,Os05g0477600,-0.9371637398919042,Auxin responsive gene,Cell wall responsive gene
Os08g0109400,Os05g0148700,0.9369361555896075,Auxin responsive gene,Mechano sensing gene
Os03g0822000,Os11g0539200,0.9368879502865367,Cell wall responsive gene,Cell wall responsive gene
Os05g0213500,Os04g0671900,-0.9368641355317853,ABA repsonsive gene,Auxin responsive gene
Os01g0853400,Os03g0302900,-0.9367775698062788,Jasmonate responsive gene,Cell wall responsive gene
Os06g0660200,Os10g0397400,0.9366015665007505,Auxin responsive gene,Cell wall responsive gene
Os05g0210100,Os03g0302900,0.9363631149079458,Ethyelene signalling gene,Cell wall responsive gene
Os06g0654300,Os06g0660200,0.9363033674056261,Ethyelene signalling gene,Auxin responsive gene
Os03g0633800,Os08g0237000,0.9359990073978142,Auxin responsive gene,Cell wall responsive gene
Os03g0438100,Os04g0397000,0.9359585466161208,Jasmonate responsive gene,Jasmonate responsive gene
Os05g0563400,Os08g0237000,0.9358003126360995,Auxin responsive gene,Cell wall responsive gene
Os06g0660200,Os04g0671900,0.9357547122565918,Auxin responsive gene,Auxin responsive gene
Os04g0653000,Os09g0439200,0.9356057428509057,Jasmonate responsive gene,Jasmonate responsive gene
Os03g0742900,Os03g0438100,0.9353827619188646,Auxin responsive gene,Jasmonate responsive gene
Os01g0856500,Os06g0614100,-0.9352613748043055,Auxin responsive gene,Mechano sensing gene
Os03g0324300,Os05g0213500,0.9349616159736935,Ethyelene signalling gene,ABA repsonsive gene
Os06g0194000,Os09g0286600,-0.9349135857022987,Ethyelene signalling gene,Ethyelene signalling gene
Os12g0133800,Os08g0237000,0.9347936657249327,Auxin responsive gene,Cell wall responsive gene
Os01g0169800,Os01g0867300,-0.934333562538089,Ethyelene signalling gene,ABA repsonsive gene
Os12g0601400,Os10g0556100,0.933656666378867,Auxin responsive gene,Cell wall responsive gene
Os05g0563400,Os11g0137000,0.9334997591550218,Auxin responsive gene,Auxin responsive gene
Os04g0671900,Os03g0742900,0.9334513939996386,Auxin responsive gene,Auxin responsive gene
Os03g0810800,Os04g0397000,0.933360011850426,ABA repsonsive gene,Jasmonate responsive gene
Os04g0671900,Os03g0302900,0.9333576333397203,Auxin responsive gene,Cell wall responsive gene
Os06g0597000,Os03g0742900,0.9332887658963105,Auxin responsive gene,Auxin responsive gene
Os05g0210100,Os10g0556100,0.9332604936556613,Ethyelene signalling gene,Cell wall responsive gene
Os01g0169800,Os08g0109400,-0.9332403828991799,Ethyelene signalling gene,Auxin responsive gene
Os05g0213500,Os03g0301200,-0.9330505184188349,ABA repsonsive gene,Cell wall responsive gene
Os12g0601400,Os08g0237000,0.9327000777397427,Auxin responsive gene,Cell wall responsive gene
Os03g0707600,Os03g0157300,0.9326524718499837,Jasmonate responsive gene,Mechano sensing gene
Os03g0742900,Os08g0420600,0.9326182579380144,Auxin responsive gene,Mechano sensing gene
Os05g0149400,Os11g0186900,0.9322404168042546,Ethyelene signalling gene,Ethyelene signalling gene
Os11g0137000,Os11g0539200,0.9320345672751345,Auxin responsive gene,Cell wall responsive gene
Os05g0210100,Os06g0614100,-0.9319873118696127,Ethyelene signalling gene,Mechano sensing gene
Os05g0213500,Os01g0856500,-0.9318175475217843,ABA repsonsive gene,Auxin responsive gene
Os06g0194000,Os01g0580500,0.9317078311691975,Ethyelene signalling gene,Ethyelene signalling gene
Os05g0563400,Os06g0614100,-0.931638937991709,Auxin responsive gene,Mechano sensing gene
Os06g0232300,Os11g0137000,0.9314969159196161,Auxin responsive gene,Auxin responsive gene
Os06g0597000,Os11g0137000,0.9310733238778773,Auxin responsive gene,Auxin responsive gene
Os03g0302900,Os03g0300300,0.9308117448819501,Cell wall responsive gene,Mechano sensing gene
Os05g0563400,Os12g0133800,0.9306901856518817,Auxin responsive gene,Auxin responsive gene
Os10g0556100,Os05g0403300,0.9302521550987878,Cell wall responsive gene,Mechano sensing gene
Os01g0856500,Os11g0137000,0.9298012271423589,Auxin responsive gene,Auxin responsive gene
Os01g0273800,Os01g0663300,0.9295178355357612,Auxin responsive gene,Cell wall responsive gene
Os05g0210100,Os03g0633500,0.9294217600214684,Ethyelene signalling gene,Auxin responsive gene
Os01g0856500,Os12g0133800,0.929405813134141,Auxin responsive gene,Auxin responsive gene
Os02g0512000,Os08g0420600,-0.9291969393346963,Auxin responsive gene,Mechano sensing gene
Os03g0707600,Os05g0477600,0.9288110252078643,Jasmonate responsive gene,Cell wall responsive gene
Os03g0633800,Os12g0133800,0.928569909112155,Auxin responsive gene,Auxin responsive gene
Os03g0633800,Os03g0707600,0.928256376147388,Auxin responsive gene,Jasmonate responsive gene
Os03g0313600,Os05g0403300,0.9279612517058604,Mechano sensing gene,Mechano sensing gene
Os05g0149400,Os11g0593000,0.927829417347527,Ethyelene signalling gene,Mechano sensing gene
Os03g0302900,Os08g0420600,0.9278043272777088,Cell wall responsive gene,Mechano sensing gene
Os02g0743400,Os11g0539200,0.9274234233522234,Auxin responsive gene,Cell wall responsive gene
Os06g0232300,Os11g0539200,0.9271010650517977,Auxin responsive gene,Cell wall responsive gene
Os03g0810800,Os03g0742900,0.9269736773678792,ABA repsonsive gene,Auxin responsive gene
Os12g0601400,Os03g0302900,0.9269575265887656,Auxin responsive gene,Cell wall responsive gene
Os01g0853400,Os10g0556100,-0.926771507635157,Jasmonate responsive gene,Cell wall responsive gene
Os05g0210100,Os11g0137000,0.9265848362810601,Ethyelene signalling gene,Auxin responsive gene
Os03g0324300,Os10g0556100,-0.9262443084675088,Ethyelene signalling gene,Cell wall responsive gene
Os01g0856500,Os03g0633500,0.9261621897716841,Auxin responsive gene,Auxin responsive gene
Os04g0397000,Os03g0302900,0.9259105575576521,Jasmonate responsive gene,Cell wall responsive gene
Os12g0133800,Os03g0157300,0.9255995534699011,Auxin responsive gene,Mechano sensing gene
Os03g0633800,Os03g0633500,0.925557901658433,Auxin responsive gene,Auxin responsive gene
Os06g0335500,Os03g0438100,0.9253220242893027,Auxin responsive gene,Jasmonate responsive gene
Os03g0633500,Os03g0157300,0.9252458240715732,Auxin responsive gene,Mechano sensing gene
Os06g0654300,Os06g0232300,0.9251091432895756,Ethyelene signalling gene,Auxin responsive gene
Os01g0867300,Os08g0109400,0.924568741649363,ABA repsonsive gene,Auxin responsive gene
Os06g0335500,Os04g0397000,0.9245007904574566,Auxin responsive gene,Jasmonate responsive gene
Os01g0856500,Os06g0597000,0.9239620903362584,Auxin responsive gene,Auxin responsive gene
Os03g0324300,Os02g0766700,0.9235664442776899,Ethyelene signalling gene,ABA repsonsive gene
Os01g0856500,Os11g0539200,0.9232582820044356,Auxin responsive gene,Cell wall responsive gene
Os03g0324300,Os12g0133800,-0.9232468286524815,Ethyelene signalling gene,Auxin responsive gene
Os04g0671900,Os06g0614100,-0.9232285155097247,Auxin responsive gene,Mechano sensing gene
Os05g0210100,Os12g0133800,0.9224509374215027,Ethyelene signalling gene,Auxin responsive gene
Os02g0743400,Os03g0319400,0.922403314526008,Auxin responsive gene,Mechano sensing gene
Os06g0654300,Os02g0743400,0.9222972848789361,Ethyelene signalling gene,Auxin responsive gene
Os04g0397000,Os05g0403300,0.9220592029000121,Jasmonate responsive gene,Mechano sensing gene
Os03g0633500,Os04g0397000,0.9219241246717491,Auxin responsive gene,Jasmonate responsive gene
Os03g0438100,Os10g0556100,0.9218092458601149,Jasmonate responsive gene,Cell wall responsive gene
Os09g0451400,Os06g0216300,0.920905712830495,Ethyelene signalling gene,Jasmonate responsive gene
Os01g0867300,Os03g0313600,-0.9206969907622914,ABA repsonsive gene,Mechano sensing gene
Os01g0169800,Os03g0764900,0.9205982136964818,Ethyelene signalling gene,Mechano sensing gene
Os05g0213500,Os06g0232300,-0.9205423761499679,ABA repsonsive gene,Auxin responsive gene
Os03g0810800,Os10g0556100,0.920470269694277,ABA repsonsive gene,Cell wall responsive gene
Os06g0660200,Os11g0539200,0.920316134723408,Auxin responsive gene,Cell wall responsive gene
Os03g0324300,Os03g0822000,-0.920247610854034,Ethyelene signalling gene,Cell wall responsive gene
Os04g0671900,Os10g0556100,0.9200445186939951,Auxin responsive gene,Cell wall responsive gene
Os12g0133800,Os03g0302900,0.9197168081767005,Auxin responsive gene,Cell wall responsive gene
Os11g0572700,Os03g0438100,-0.9195973081189802,Ethyelene signalling gene,Jasmonate responsive gene
Os05g0563400,Os03g0822000,0.9194570823517554,Auxin responsive gene,Cell wall responsive gene
Os06g0654300,Os08g0420600,0.919426652108587,Ethyelene signalling gene,Mechano sensing gene
Os11g0572700,Os01g0867300,0.9193218433643779,Ethyelene signalling gene,ABA repsonsive gene
Os02g0743400,Os12g0133800,0.9193147956376135,Auxin responsive gene,Auxin responsive gene
Os03g0810800,Os08g0237000,0.9185417038381984,ABA repsonsive gene,Cell wall responsive gene
Os09g0518200,Os04g0583500,-0.9185010426632982,Cell wall responsive gene,Cell wall responsive gene
Os08g0537900,Os04g0671900,-0.9184998292039112,Ethyelene signalling gene,Auxin responsive gene
Os03g0822000,Os05g0477600,0.9184601132933157,Cell wall responsive gene,Cell wall responsive gene
Os04g0397000,Os03g0157300,0.9183593155570001,Jasmonate responsive gene,Mechano sensing gene
Os10g0556100,Os08g0420600,0.9183501481950335,Cell wall responsive gene,Mechano sensing gene
Os06g0597000,Os03g0822000,0.9177984340567297,Auxin responsive gene,Cell wall responsive gene
Os08g0537900,Os03g0633800,-0.9177419929625265,Ethyelene signalling gene,Auxin responsive gene
Os02g0512000,Os02g0743400,-0.9177188536901042,Auxin responsive gene,Auxin responsive gene
Os03g0324300,Os04g0397000,-0.9176112008252065,Ethyelene signalling gene,Jasmonate responsive gene
Os04g0671900,Os12g0133800,0.9172194165364186,Auxin responsive gene,Auxin responsive gene
Os06g0194000,Os10g0397400,0.9168700121198182,Ethyelene signalling gene,Cell wall responsive gene
Os06g0597000,Os10g0556100,0.9168271236299249,Auxin responsive gene,Cell wall responsive gene
Os05g0213500,Os12g0601400,-0.9161977921898649,ABA repsonsive gene,Auxin responsive gene
Os03g0810800,Os01g0231000,0.9161515655044106,ABA repsonsive gene,Auxin responsive gene
Os02g0743400,Os11g0137000,0.916117816956571,Auxin responsive gene,Auxin responsive gene
Os06g0335500,Os08g0237000,0.9160929799514212,Auxin responsive gene,Cell wall responsive gene
Os05g0210100,Os11g0539200,0.9160753273031165,Ethyelene signalling gene,Cell wall responsive gene
Os03g0324300,Os01g0853400,0.9160509655474746,Ethyelene signalling gene,Jasmonate responsive gene
Os03g0324300,Os11g0137000,-0.9159803252707562,Ethyelene signalling gene,Auxin responsive gene
Os11g0523800,Os06g0657500,-0.915918796913855,Auxin responsive gene,Auxin responsive gene
Os05g0210100,Os06g0654300,0.915666997332458,Ethyelene signalling gene,Ethyelene signalling gene
Os03g0438100,Os05g0148700,-0.9156540338282291,Jasmonate responsive gene,Mechano sensing gene
Os12g0601400,Os06g0614100,-0.9150529254594001,Auxin responsive gene,Mechano sensing gene
Os08g0237000,Os03g0302900,0.915029478047719,Cell wall responsive gene,Cell wall responsive gene
Os01g0221100,Os03g0319400,-0.9149279327447201,Jasmonate responsive gene,Mechano sensing gene
Os04g0397000,Os05g0477600,0.9149247828312445,Jasmonate responsive gene,Cell wall responsive gene
Os03g0822000,Os03g0302900,0.9148348268132942,Cell wall responsive gene,Cell wall responsive gene
Os01g0169800,Os11g0572700,-0.9148123088344426,Ethyelene signalling gene,Ethyelene signalling gene
Os03g0324300,Os04g0671900,-0.9147975883179587,Ethyelene signalling gene,Auxin responsive gene
Os11g0137000,Os03g0157300,0.9146279763566748,Auxin responsive gene,Mechano sensing gene
Os03g0324300,Os11g0539200,-0.9146120424867299,Ethyelene signalling gene,Cell wall responsive gene
Os05g0210100,Os05g0213500,-0.9141170874264657,Ethyelene signalling gene,ABA repsonsive gene
Os02g0743400,Os04g0397000,0.913970125311314,Auxin responsive gene,Jasmonate responsive gene
Os01g0867300,Os05g0148700,0.9138813910606086,ABA repsonsive gene,Mechano sensing gene
Os06g0232300,Os03g0633500,0.9138627773853907,Auxin responsive gene,Auxin responsive gene
Os05g0563400,Os02g0532300,0.9138258466901475,Auxin responsive gene,Mechano sensing gene
Os02g0799000,Os03g0332100,-0.9136129138118217,ABA repsonsive gene,Cell wall responsive gene
Os03g0741100,Os03g0283000,0.913424447296154,Jasmonate responsive gene,Mechano sensing gene
Os05g0149400,Os05g0213500,0.913307810607188,Ethyelene signalling gene,ABA repsonsive gene
Os03g0324300,Os03g0742900,-0.9116995494713648,Ethyelene signalling gene,Auxin responsive gene
Os12g0601400,Os03g0633500,0.9116659927332291,Auxin responsive gene,Auxin responsive gene
Os04g0397000,Os01g0221100,-0.9115952134397678,Jasmonate responsive gene,Jasmonate responsive gene
Os06g0654300,Os12g0601400,0.9115479561816329,Ethyelene signalling gene,Auxin responsive gene
Os05g0149400,Os03g0301200,-0.9113462068179701,Ethyelene signalling gene,Cell wall responsive gene
Os03g0633800,Os06g0614100,-0.9112369380083132,Auxin responsive gene,Mechano sensing gene
Os11g0186900,Os05g0586200,0.9112148705587431,Ethyelene signalling gene,Jasmonate responsive gene
Os08g0537900,Os05g0563400,-0.910988464326636,Ethyelene signalling gene,Auxin responsive gene
Os01g0656200,Os05g0403300,0.9108083547166099,ABA repsonsive gene,Mechano sensing gene
Os06g0660200,Os03g0822000,0.9107954559645762,Auxin responsive gene,Cell wall responsive gene
Os10g0556100,Os06g0614100,-0.9106940434193246,Cell wall responsive gene,Mechano sensing gene
Os03g0810800,Os03g0633500,0.9104147074072245,ABA repsonsive gene,Auxin responsive gene
Os03g0633800,Os03g0302900,0.9102497945036466,Auxin responsive gene,Cell wall responsive gene
Os12g0601400,Os12g0133800,0.9100306176866282,Auxin responsive gene,Auxin responsive gene
Os03g0707600,Os03g0822000,0.9100267717325795,Jasmonate responsive gene,Cell wall responsive gene
Os10g0573400,Os04g0653000,0.909854109871716,ABA repsonsive gene,Jasmonate responsive gene
Os01g0856500,Os04g0397000,0.9097080500803686,Auxin responsive gene,Jasmonate responsive gene
Os03g0822000,Os08g0420600,0.9095136743941873,Cell wall responsive gene,Mechano sensing gene
Os11g0137000,Os05g0148700,-0.9094689943392795,Auxin responsive gene,Mechano sensing gene
Os03g0633800,Os04g0397000,0.9094085683281501,Auxin responsive gene,Jasmonate responsive gene
Os12g0133800,Os11g0539200,0.9093917670733327,Auxin responsive gene,Cell wall responsive gene
Os06g0597000,Os08g0237000,0.909132310975013,Auxin responsive gene,Cell wall responsive gene
Os01g0128300,Os08g0237000,0.9087005259001448,Ethyelene signalling gene,Cell wall responsive gene
Os04g0671900,Os03g0822000,0.9086386002447192,Auxin responsive gene,Cell wall responsive gene
Os06g0166500,Os08g0420600,-0.9085166317149602,Auxin responsive gene,Mechano sensing gene
Os11g0186900,Os04g0671900,-0.9083864725476981,Ethyelene signalling gene,Auxin responsive gene
Os01g0580500,Os10g0397400,0.9083452710090929,Ethyelene signalling gene,Cell wall responsive gene
Os03g0707600,Os10g0556100,0.9083274660817477,Jasmonate responsive gene,Cell wall responsive gene
Os01g0656200,Os03g0313600,0.907909803376474,ABA repsonsive gene,Mechano sensing gene
Os06g0194000,Os05g0149400,-0.9076991569951265,Ethyelene signalling gene,Ethyelene signalling gene
Os08g0237000,Os05g0477600,0.9076316048073376,Cell wall responsive gene,Cell wall responsive gene
Os02g0512000,Os04g0671900,-0.9076214223457056,Auxin responsive gene,Auxin responsive gene
Os11g0539200,Os06g0614100,-0.9076064583570597,Cell wall responsive gene,Mechano sensing gene
Os03g0438100,Os03g0822000,0.9075420962396414,Jasmonate responsive gene,Cell wall responsive gene
Os11g0137000,Os03g0707600,0.9073827737797502,Auxin responsive gene,Jasmonate responsive gene
Os06g0614100,Os08g0420600,-0.9072795170403055,Mechano sensing gene,Mechano sensing gene
Os02g0512000,Os04g0397000,-0.9070216245834865,Auxin responsive gene,Jasmonate responsive gene
Os03g0810800,Os06g0335500,0.9069781640313275,ABA repsonsive gene,Auxin responsive gene
Os04g0578000,Os03g0313600,0.9069470677080226,Ethyelene signalling gene,Mechano sensing gene
Os01g0128300,Os03g0633500,0.9069081554673586,Ethyelene signalling gene,Auxin responsive gene
Os09g0518200,Os03g0283100,0.9068517777109414,Cell wall responsive gene,Mechano sensing gene
Os10g0573400,Os01g0663300,0.9068006722521849,ABA repsonsive gene,Cell wall responsive gene
Os03g0324300,Os02g0743400,-0.90675754278565,Ethyelene signalling gene,Auxin responsive gene
Os01g0580500,Os12g0586100,-0.9067560731187023,Ethyelene signalling gene,ABA repsonsive gene
Os03g0707600,Os08g0420600,0.9067000738112526,Jasmonate responsive gene,Mechano sensing gene
Os05g0586200,Os10g0397400,-0.906691996280093,Jasmonate responsive gene,Cell wall responsive gene
Os06g0562200,Os06g0657500,0.9066673555935303,ABA repsonsive gene,Auxin responsive gene
Os04g0671900,Os03g0319400,0.9065786200463489,Auxin responsive gene,Mechano sensing gene
Os11g0137000,Os03g0301200,0.9062526390667861,Auxin responsive gene,Cell wall responsive gene
Os04g0671900,Os08g0237000,0.9060584123668253,Auxin responsive gene,Cell wall responsive gene
Os02g0743400,Os03g0633500,0.9058342896388383,Auxin responsive gene,Auxin responsive gene
Os03g0301200,Os06g0614100,-0.9058020533654277,Cell wall responsive gene,Mechano sensing gene
Os06g0562200,Os11g0523800,-0.9057068721477443,ABA repsonsive gene,Auxin responsive gene
Os03g0633800,Os11g0137000,0.9056765375908797,Auxin responsive gene,Auxin responsive gene
Os03g0707600,Os10g0397400,0.9056148185113984,Jasmonate responsive gene,Cell wall responsive gene
Os03g0633800,Os06g0597000,0.9048304049392228,Auxin responsive gene,Auxin responsive gene
Os05g0210100,Os06g0597000,0.904728048512883,Ethyelene signalling gene,Auxin responsive gene
Os08g0109400,Os03g0438100,-0.9046953178477309,Auxin responsive gene,Jasmonate responsive gene
Os05g0213500,Os12g0133800,-0.904605583028156,ABA repsonsive gene,Auxin responsive gene
Os08g0537900,Os05g0213500,0.904553659779272,Ethyelene signalling gene,ABA repsonsive gene
Os02g0512000,Os03g0302900,-0.9045395547325118,Auxin responsive gene,Cell wall responsive gene
Os03g0324300,Os03g0157300,-0.9042460239624183,Ethyelene signalling gene,Mechano sensing gene
Os06g0654300,Os05g0477600,0.9042030863253392,Ethyelene signalling gene,Cell wall responsive gene
Os06g0597000,Os12g0133800,0.904202052677081,Auxin responsive gene,Auxin responsive gene
Os11g0539200,Os05g0477600,0.9039849916085816,Cell wall responsive gene,Cell wall responsive gene
Os06g0654300,Os04g0671900,0.903862271256524,Ethyelene signalling gene,Auxin responsive gene
Os06g0166500,Os05g0586200,0.9037880818593914,Auxin responsive gene,Jasmonate responsive gene
Os02g0743400,Os06g0597000,0.9036765295630916,Auxin responsive gene,Auxin responsive gene
Os01g0853400,Os03g0300300,-0.9036429985725039,Jasmonate responsive gene,Mechano sensing gene
Os01g0169800,Os05g0148700,-0.9034577308763134,Ethyelene signalling gene,Mechano sensing gene
Os05g0213500,Os03g0633800,-0.9034507103289594,ABA repsonsive gene,Auxin responsive gene
Os05g0213500,Os03g0822000,-0.9034193305249584,ABA repsonsive gene,Cell wall responsive gene
Os03g0301200,Os11g0593000,-0.903388951484641,Cell wall responsive gene,Mechano sensing gene
Os12g0613700,Os06g0130400,-0.9032812355403771,Auxin responsive gene,Mechano sensing gene
Os08g0237000,Os03g0319400,0.9032729995980868,Cell wall responsive gene,Mechano sensing gene
Os08g0237000,Os08g0420600,0.9030957072404932,Cell wall responsive gene,Mechano sensing gene
Os04g0397000,Os03g0319400,0.9029574681601387,Jasmonate responsive gene,Mechano sensing gene
Os05g0563400,Os10g0556100,0.9029142524208164,Auxin responsive gene,Cell wall responsive gene
Os05g0213500,Os06g0597000,-0.9028138948826807,ABA repsonsive gene,Auxin responsive gene
Os02g0512000,Os10g0556100,-0.9025460118684522,Auxin responsive gene,Cell wall responsive gene
Os01g0580500,Os09g0518200,-0.9024449709652704,Ethyelene signalling gene,Cell wall responsive gene
Os05g0563400,Os03g0633500,0.9024286545909669,Auxin responsive gene,Auxin responsive gene
Os12g0133800,Os08g0420600,0.9024247104237465,Auxin responsive gene,Mechano sensing gene
Os06g0614100,Os03g0319400,-0.9022004949661008,Mechano sensing gene,Mechano sensing gene
Os03g0633800,Os11g0539200,0.9021477816528685,Auxin responsive gene,Cell wall responsive gene
Os08g0237000,Os05g0403300,0.9017326889732398,Cell wall responsive gene,Mechano sensing gene
Os05g0213500,Os11g0137000,-0.901642288164343,ABA repsonsive gene,Auxin responsive gene
Os03g0707600,Os11g0539200,0.9014812846573873,Jasmonate responsive gene,Cell wall responsive gene
Os06g0335500,Os11g0539200,0.9013636995044371,Auxin responsive gene,Cell wall responsive gene
Os12g0133800,Os03g0438100,0.9011001463951532,Auxin responsive gene,Jasmonate responsive gene
Os06g0654300,Os01g0856500,0.9010754847788681,Ethyelene signalling gene,Auxin responsive gene
Os06g0660200,Os04g0397000,0.9008008237422244,Auxin responsive gene,Jasmonate responsive gene
Os03g0319400,Os08g0420600,0.9007449931015151,Mechano sensing gene,Mechano sensing gene
Os01g0663300,Os03g0313600,0.9006833812948268,Cell wall responsive gene,Mechano sensing gene
Os06g0562200,Os10g0573400,0.9006764246533798,ABA repsonsive gene,ABA repsonsive gene
Os03g0822000,Os03g0301200,0.9005137447519396,Cell wall responsive gene,Cell wall responsive gene
Os06g0194000,Os12g0586100,-0.9003005964204344,Ethyelene signalling gene,ABA repsonsive gene
Os01g0178500,Os06g0130400,0.900248187348496,Auxin responsive gene,Mechano sensing gene
Os09g0286600,Os01g0802700,-0.9000844086144849,Ethyelene signalling gene,Auxin responsive gene
