gene_id,category,Dharia_log2FC,Dharia_padj,PTT1_log2FC,PTT1_padj,Dharia_sig,PTT1_sig
Os01g0128300,Ethyelene signalling gene,-0.611102853009479,0.467264414388531,-1.18511800791791,0.0003373826801035,False,True
Os01g0169800,Ethyelene signalling gene,-0.42728713276083,0.389243566245878,-1.06211498302953,2.31655614656782e-07,False,True
Os01g0192900,Ethyelene signalling gene,-0.46837002791614,0.725948472488713,-1.58972268843857,6.4224803858249e-05,False,True
Os04g0578000,Ethyelene signalling gene,-0.722406165237308,0.34752675574521,-1.53437018952403,3.04601914157136e-06,False,True
Os06g0181700,Ethyelene signalling gene,-0.3991279129669,0.894447596156776,-0.139053903374894,0.875344374290263,False,False
Os03g0727600,Ethyelene signalling gene,0.227042505467542,0.964893709154075,-2.07422760394182,0.0031929477794053,False,True
Os06g0194000,Ethyelene signalling gene,-0.0871905541920584,0.938006119069584,-0.520269870263497,0.0073801343574551,False,True
Os05g0210100,Ethyelene signalling gene,-0.607003874233881,0.391411533834878,-1.32178095711988,6.90400346565796e-06,False,True
Os01g0580500,Ethyelene signalling gene,-0.543164099205068,0.497338229363699,-1.49723833803749,1.13842025782486e-06,False,True
Os06g0654300,Ethyelene signalling gene,-0.446042722620903,0.451688857017933,-0.693946018235395,0.0037234491249697,False,True
Os04g0610400,Ethyelene signalling gene,0.466443379017825,0.792922155776258,0.505134757926986,0.33653584353701,False,False
Os06g0115200,Ethyelene signalling gene,-0.276398848813387,0.56564632007704,-0.0844084028283172,0.687397344720408,False,False
Os09g0451400,Ethyelene signalling gene,0.875762125356272,0.299908753286428,0.435182858038926,0.277926795999873,False,False
Os02g0771600,Ethyelene signalling gene,1.94258344854406,0.146786472030442,1.14162878859589,0.101169813946822,False,False
Os07g0155600,Ethyelene signalling gene,-0.121735933981539,0.830183913062283,0.27029337011264,0.0677897973576879,False,True
Os11g0572700,Ethyelene signalling gene,0.763087348586727,0.0703281146889208,1.29859507543542,7.460905928495581e-09,True,True
Os09g0286600,Ethyelene signalling gene,0.149315866976191,0.890546430157805,0.465057735296243,0.0508592692231766,False,True
Os03g0324300,Ethyelene signalling gene,0.210056209233845,0.456007027368755,0.958764063899895,8.077077402316041e-19,False,True
Os08g0537900,Ethyelene signalling gene,-0.014256750696194,1.0,1.12015447904866,2.8843883360114904e-14,False,True
Os05g0149400,Ethyelene signalling gene,0.77618577445696,0.317331958053422,2.03813686543657,1.1666035501665501e-09,False,True
Os11g0186900,Ethyelene signalling gene,-0.322648258834813,0.675602961694224,2.60642433653106,6.285159227076299e-29,False,True
Os01g0867300,ABA repsonsive gene,0.742089342611465,0.0006466416996472,1.58222435128475,8.99569844657768e-32,True,True
Os02g0704000,ABA repsonsive gene,0.434426929609348,0.755886978527809,3.78903662791257,7.94673198641677e-23,False,True
Os05g0592800,ABA repsonsive gene,0.0910173139140314,0.870243094696538,0.114582464298788,0.423689939213861,False,False
Os07g0164900,ABA repsonsive gene,0.358080887413597,0.397974470467412,0.338791020860489,0.0660886899371132,False,True
Os03g0645900,ABA repsonsive gene,0.0817271137334817,0.996316603080217,1.58761253273035,0.0068529188334856,False,True
Os02g0149800,ABA repsonsive gene,0.365136245331335,0.0541679955621485,0.2752153540463,0.0093997891271977,True,True
Os03g0821300,ABA repsonsive gene,0.123921879909017,0.883580812354912,0.443058303481294,0.0185752017375863,False,True
Os02g0766700,ABA repsonsive gene,0.102887356464511,0.871332024882246,0.733326918594979,2.48725685620108e-07,False,True
Os05g0213500,ABA repsonsive gene,0.237159847064344,0.202988381955953,0.778295639059594,1.9713907944527301e-19,False,True
Os05g0457200,ABA repsonsive gene,0.740528096310606,0.786289149531928,-0.0650007399445985,0.963018361271163,False,False
Os03g0610900,ABA repsonsive gene,-0.0077325574535936,1.0,1.66932248003245,2.22851789063728e-08,False,True
Os07g0154100,ABA repsonsive gene,1.95436017268275,0.58550397382911,6.70083127758317,0.0001801429164379,False,True
Os01g0656200,ABA repsonsive gene,-0.152349868984554,0.961727811088207,-1.2445772721707,0.0049144468167683,False,True
Os06g0562200,ABA repsonsive gene,-0.204443200099887,0.933120375367332,-2.22858084953108,9.59151092623239e-08,False,True
Os10g0573400,ABA repsonsive gene,-0.519226021502883,0.503449008678484,-1.27379993063748,1.36190228653325e-05,False,True
Os03g0810800,ABA repsonsive gene,-0.503823006472594,0.31964935696305,-0.666146986742084,0.0031189167264717,False,True
Os03g0297600,ABA repsonsive gene,0.236537272305803,0.578642214380661,-0.905166415278604,1.0619027122573801e-09,False,True
Os05g0572700,ABA repsonsive gene,1.36870346973936,,-1.1304570384785,0.376162779712841,False,False
Os07g0281700,ABA repsonsive gene,-1.3185286502898,0.0294657233092511,-0.61021455043499,0.0933646948237454,True,True
Os09g0325700,ABA repsonsive gene,0.571395534406222,0.780013523307655,0.761358720231165,0.192228492653415,False,False
Os01g0846300,ABA repsonsive gene,0.128896875591746,0.902373956662584,0.644397173628096,0.0026643094505109,False,True
Os12g0617400,ABA repsonsive gene,1.65568774160769,0.500597256729699,2.93894497918276,0.0010886584818525,False,True
Os07g0622000,ABA repsonsive gene,-0.111976555228455,0.874156950586786,-0.468411996717141,0.0033928793096648,False,True
Os02g0799000,ABA repsonsive gene,-0.204834832286303,0.693662808091732,-0.0052444605292218,0.998549376600374,False,False
Os12g0586100,ABA repsonsive gene,-0.0291710677065564,0.998466295447212,0.378270397764624,0.108764074973483,False,False
Os03g0764800,ABA repsonsive gene,-0.167233900027037,0.5254150636538,-0.241876090801981,0.0158711870501205,False,True
Os06g0211200,ABA repsonsive gene,-0.185032567938307,0.846411507494723,0.011661584554756,0.986291211550863,False,False
Os08g0109400,Auxin responsive gene,0.826006578405622,0.0619347109150298,1.38592146657668,6.01137564809289e-09,True,True
Os01g0178500,Auxin responsive gene,0.200621347844371,0.614116850389737,0.482244059173416,0.0003938263935946,False,True
Os01g0190300,Auxin responsive gene,1.09419847528608,0.0144688539144661,1.21873902428326,2.79737554415222e-06,True,True
Os12g0479400,Auxin responsive gene,0.488528407489136,0.342898271678349,0.644847001837791,0.0044049287259488,False,True
Os03g0162000,Auxin responsive gene,0.0529765981840746,0.983807728748465,1.03619005877901,6.29297845799521e-06,False,True
Os11g0523800,Auxin responsive gene,0.166653292473533,0.581889293936443,0.591514639108504,2.41617684075773e-08,False,True
Os06g0166500,Auxin responsive gene,0.402922648715893,0.549866991735743,1.68562567142132,1.89600882273135e-12,False,True
Os01g0286900,Auxin responsive gene,0.0913240322699459,0.980469466462194,0.725332394617359,0.0510846285909126,False,True
Os02g0512000,Auxin responsive gene,0.196670719164284,0.846411507494723,1.06299433385531,1.06483004206589e-05,False,True
Os05g0523300,Auxin responsive gene,-0.0296076835835564,0.994082291518724,-0.121598805998933,0.587350738422077,False,False
Os01g0741900,Auxin responsive gene,0.0488974592955548,0.963034687031851,-0.121673618077845,0.451922781169675,False,False
Os08g0529000,Auxin responsive gene,0.0,1.0,1.08870951665273,0.572338453363865,False,False
Os07g0684900,Auxin responsive gene,-1.43671544688024,0.165355586463285,-0.0188101188096584,0.995709726331011,False,False
Os01g0643300,Auxin responsive gene,-0.737907102812123,,-0.612851589143865,0.798644993573241,False,False
Os01g0273800,Auxin responsive gene,-0.0182769462543491,1.0,-2.22745735285342,3.63466071456992e-06,False,True
Os06g0657500,Auxin responsive gene,0.323835100342852,0.875000677055835,-2.11031745654114,3.44548137574574e-06,False,True
Os12g0613700,Auxin responsive gene,-0.276987407492834,0.30115187116554,-0.388125919032636,0.0013026286975232,False,True
Os05g0563400,Auxin responsive gene,-0.165621687748714,0.777615246265468,-1.00613597173551,1.7872374234271102e-10,False,True
Os06g0335500,Auxin responsive gene,-0.361405766576968,0.169669196460368,-0.55069193233452,2.02626959819588e-05,False,True
Os03g0633800,Auxin responsive gene,-0.451112848676023,0.70319973284166,-1.59176599353768,9.81842209447114e-06,False,True
Os06g0660200,Auxin responsive gene,-0.284551936399774,0.86875978947199,-1.49303326020313,0.0001384740305646,False,True
Os04g0671900,Auxin responsive gene,-0.388705342519071,0.437669028386358,-1.57886796678656,1.3091228116315201e-15,False,True
Os01g0856500,Auxin responsive gene,-0.331703826206192,0.643744551956677,-1.20606656534661,2.36044166100283e-07,False,True
Os06g0232300,Auxin responsive gene,-0.487441525527458,0.572238198552894,-1.5001353214301,9.11979256300283e-07,False,True
Os02g0743400,Auxin responsive gene,-0.493622910675655,0.395892571075718,-1.34153461148127,1.9997394642409e-08,False,True
Os12g0601400,Auxin responsive gene,-0.49633872214635,0.672966190824972,-1.76545245255268,1.8547330612248e-06,False,True
Os06g0597000,Auxin responsive gene,-0.241560219557384,0.678846490199497,-1.08702908459905,2.11703526482686e-09,False,True
Os12g0133800,Auxin responsive gene,-0.989262497759803,0.42424361844906,-3.05140296099639,2.21178323064589e-09,False,True
Os03g0742900,Auxin responsive gene,-0.665828395498804,0.303725666897138,-1.46874977972613,2.8733840325425e-07,False,True
Os03g0633500,Auxin responsive gene,-0.610925505104081,0.628542748280973,-1.95476411284886,3.29101122858131e-06,False,True
Os11g0137000,Auxin responsive gene,-1.05440851119682,0.354677637405718,-3.22545306417527,4.02612803445986e-11,False,True
Os01g0802700,Auxin responsive gene,0.374962443172959,0.867905511465683,-0.877632990043039,0.112100372659857,False,False
Os04g0608300,Auxin responsive gene,0.422545074701583,0.722990405736873,-1.02897964844802,0.0044872742131379,False,True
Os02g0805100,Auxin responsive gene,0.108680540033765,0.943781523638379,-0.0215687431628292,0.964757638334428,False,False
Os02g0817600,Auxin responsive gene,0.13040159627266,0.828116026323114,0.190926763445775,0.243381746266148,False,False
Os01g0231000,Auxin responsive gene,-0.447747936236279,0.0488773587228916,-0.324307018907759,0.011445360805633,True,True
Os05g0230700,Auxin responsive gene,-0.426377310100929,0.0490949576570256,-0.0468260287663882,0.75514471030382,True,False
Os03g0179950,Jasmonate responsive gene,-0.965527827631919,0.320352097092801,-0.713068386331548,0.114150736130559,False,False
Os04g0653000,Jasmonate responsive gene,-0.628575313315867,0.106330798553934,-0.834448579415069,3.51005908560442e-05,False,True
Os09g0439200,Jasmonate responsive gene,-1.00441407553062,0.23541212744206,-0.940238026149753,0.0206592467650842,False,True
Os07g0153000,Jasmonate responsive gene,0.442311545096787,,-3.16372349700312,0.290865695405927,False,False
Os03g0181100,Jasmonate responsive gene,0.226449281525319,0.961727811088207,-0.817802837391456,0.249466020185067,False,False
Os03g0767000,Jasmonate responsive gene,-0.988791951776123,0.117437280970646,-0.806265844515745,0.015941798137789,False,True
Os03g0438100,Jasmonate responsive gene,-0.491884495105893,0.299356030380601,-0.948854009782046,6.68728201616451e-06,False,True
Os04g0397000,Jasmonate responsive gene,-0.380348729762597,0.457263476349772,-1.03384297338829,2.58799465864284e-07,False,True
Os08g0459600,Jasmonate responsive gene,-0.584274569018775,0.0067083698383777,0.172690697072933,0.22070320962554,True,False
Os03g0225900,Jasmonate responsive gene,1.15127153335517,0.800955528870125,1.97178922996147,0.0594615898666158,False,True
Os03g0180900,Jasmonate responsive gene,0.161639511467583,0.953550397892131,-0.296614012603796,0.513215422695498,False,False
Os06g0216300,Jasmonate responsive gene,1.3689276376824,3.13058720835967e-10,0.258269472219124,0.113126497152402,True,False
Os03g0180800,Jasmonate responsive gene,0.733158449674257,0.831258283453302,1.36613975456971,0.132900685489444,False,False
Os01g0221100,Jasmonate responsive gene,0.905606398530876,0.459581030335174,2.03154429645084,2.26550708794065e-05,False,True
Os01g0853400,Jasmonate responsive gene,0.170183817081069,0.740472375252407,0.817818192074973,3.12303184651298e-08,False,True
Os05g0586200,Jasmonate responsive gene,0.147577674369829,0.842314523115546,0.62758597501119,0.0004728671367324,False,True
Os03g0402800,Jasmonate responsive gene,-0.122160567320173,0.839350968729972,0.266720786986015,0.0834529556553778,False,True
Os07g0615200,Jasmonate responsive gene,-0.121199316154412,0.855139309781012,0.428702169362013,0.0065463370052451,False,True
Os03g0741100,Jasmonate responsive gene,0.67551753006697,0.327688477175949,1.64256800301312,3.93932080650876e-08,False,True
Os10g0392400,Jasmonate responsive gene,-0.0246902855524561,1.0,1.49242365133475,0.001426312966323,False,True
Os10g0391400,Jasmonate responsive gene,0.910674144784649,0.887594614374962,-1.11277246364388,0.503394487106731,False,False
Os03g0179900,Jasmonate responsive gene,0.0439743632990508,0.984071237265713,-0.250327489983428,0.231414820929383,False,False
Os03g0707600,Jasmonate responsive gene,-0.178581639339881,0.743882381586774,-0.453479923915788,0.0047353201479415,False,True
Os11g0658700,Jasmonate responsive gene,-1.79048187332037,,2.85678498305326,0.126025509395058,False,False
Os08g0499300,Jasmonate responsive gene,1.58024332603396,2.89311859438222e-12,0.24764902021651,0.159110586920478,True,False
Os10g0533600,Jasmonate responsive gene,-0.100007796610071,0.837663162616413,-0.0089707626807962,0.970739780066225,False,False
Os01g0235700,Jasmonate responsive gene,-0.0973752269427629,0.867138912642663,0.290922571138106,0.0340183965649397,False,True
Os10g0575000,Jasmonate responsive gene,0.0061988798294317,1.0,0.25980039524609,0.0369441319209542,False,True
Os01g0248900,Cell wall responsive gene,0.360785714586106,0.867110529828202,-0.966630452252566,0.0579038425079308,False,True
Os09g0518200,Cell wall responsive gene,1.89513015401222,5.427617112491e-08,0.786194433285094,0.0013513286801089,True,True
Os06g0108600,Cell wall responsive gene,-2.43975442003878,8.80161600068509e-05,-3.26746350792496,5.84329397909988e-16,True,True
Os03g0822000,Cell wall responsive gene,-0.627229096642349,0.653384100453952,-2.03873640681614,6.75838521175862e-06,False,True
Os08g0237000,Cell wall responsive gene,-0.697124123235483,0.367298908086999,-1.65132845420514,3.88778121704244e-07,False,True
Os10g0556100,Cell wall responsive gene,-0.332026267128966,0.840742028718272,-2.22908436960216,1.8345253703075e-08,False,True
Os11g0539200,Cell wall responsive gene,-0.926419153920904,0.463105717963147,-2.40143139494447,1.11328931752648e-06,False,True
Os03g0301200,Cell wall responsive gene,-0.239569112969165,0.697862183266081,-0.986519037451312,1.66035307277108e-07,False,True
Os10g0397400,Cell wall responsive gene,-0.476758984149914,0.517386422702904,-1.0841452451119,8.62749893730688e-05,False,True
Os03g0302900,Cell wall responsive gene,-0.179608116399011,0.912941919753241,-1.73210216039949,3.36324460278714e-08,False,True
Os05g0477600,Cell wall responsive gene,-0.149470715638104,0.955640328360214,-1.89949847721905,1.62383770551827e-06,False,True
Os01g0663300,Cell wall responsive gene,-0.133372813175783,0.973501764675882,-2.21341129559978,9.31100360562712e-07,False,True
Os10g0535900,Cell wall responsive gene,-0.884683832881031,0.585507470204569,-1.72987917786938,0.002760702460837,False,True
Os03g0332100,Cell wall responsive gene,0.638686173175898,0.580416328113283,0.194282134431375,0.700250585501407,False,False
Os04g0583500,Cell wall responsive gene,-0.97069561874196,2.41259793445699e-05,-0.389248267143027,0.0141403500419099,True,True
Os03g0336400,Cell wall responsive gene,1.4498354596228,0.192385634017911,-1.01282633936026,0.0845236224826253,False,True
Os03g0856700,Cell wall responsive gene,1.06371974153131,0.0524221029860673,1.02672369720619,0.0007037012971752,True,True
Os04g0613600,Mechano sensing gene,-0.487909980637148,0.713219342793262,-1.63189216370163,3.019380805628e-05,False,True
Os03g0284100,Mechano sensing gene,-0.0643091589194212,0.911386062709292,0.321761895986177,0.0045002416755412,False,True
Os03g0283100,Mechano sensing gene,0.309280416105345,0.626537478416802,0.0290682212196376,0.93068985390774,False,False
Os03g0296800,Mechano sensing gene,-0.125207665670578,0.861168292042786,0.0581289869611328,0.779757800437955,False,False
Os02g0735200,Mechano sensing gene,-0.25211638942695,0.502645072816818,-0.513051351099798,0.0003369353571965,False,True
Os03g0275900,Mechano sensing gene,-0.198633957507734,0.581490266246738,-0.31890551315045,0.0139794769044371,False,True
Os11g0106700,Mechano sensing gene,0.12155764903224,0.893853994848082,-0.0800281921291822,0.735267824685281,False,False
Os06g0649000,Mechano sensing gene,0.920365266347999,0.700610817671868,1.06736898878256,0.173109338884248,False,False
Os06g0614100,Mechano sensing gene,1.11016087059453,0.0063955992563406,1.93832266149468,3.93061561202716e-16,True,True
Os11g0593000,Mechano sensing gene,0.108365841991265,0.946037020548579,1.18070456217009,4.3090324684446e-06,False,True
Os03g0283000,Mechano sensing gene,4.61195911180779,,7.02509526217715,0.0014466509421157,False,True
Os05g0148700,Mechano sensing gene,1.33270124329541,1.2046427186185e-05,2.10374668340454,2.10596091798861e-26,True,True
Os06g0130400,Mechano sensing gene,0.576593457452999,0.141620723613178,1.00452332036886,3.08887359505631e-07,False,True
Os03g0305400,Mechano sensing gene,1.37739368528892,0.329568013286296,-0.16026166184127,0.85411701913243,False,False
Os12g0106000,Mechano sensing gene,-0.148324816643621,0.822794397711126,-0.267287040387675,0.132907359762019,False,False
Os08g0203400,Mechano sensing gene,1.53709044809895,0.232643902902419,3.64515710247945,9.443228644494861e-09,False,True
Os03g0294200,Mechano sensing gene,-0.179122300857428,0.633687890971127,-0.0905977906417324,0.533201709598482,False,False
Os03g0298700,Mechano sensing gene,-0.609438771060903,0.350466770428255,0.0714894000989004,0.849278450142736,False,False
Os02g0532300,Mechano sensing gene,-0.391208010130825,0.556244143135898,-1.11748237927577,3.08836740036589e-06,False,True
Os03g0764900,Mechano sensing gene,-0.691305329115082,0.537796796166647,-2.18789515337411,9.35616999140487e-08,False,True
Os03g0313600,Mechano sensing gene,-0.139833554705788,0.869818814460903,-1.18534388975144,4.84574737399112e-10,False,True
Os05g0403300,Mechano sensing gene,-0.114774250435573,0.985380336877957,-2.08439449098229,7.74370747895182e-05,False,True
Os03g0300300,Mechano sensing gene,-0.168782268303526,0.821693423192212,-0.580106649260042,0.0023933598020268,False,True
Os04g0526600,Mechano sensing gene,-0.106677140963978,0.992933318719567,-0.865891070474553,0.236538689888207,False,False
Os03g0319400,Mechano sensing gene,-0.796664402583004,0.094274310785115,-1.07511019546441,1.78574293721312e-05,True,True
Os03g0157300,Mechano sensing gene,-0.467365461139168,0.596012689237564,-1.21294020969918,7.48444225444201e-05,False,True
Os08g0420600,Mechano sensing gene,-0.595471846147237,0.373813964322983,-1.49061144073272,1.28642206175665e-07,False,True
