gene_id,category,v3_Dharia_log2FC,v3_Dharia_padj,v3_Dharia_sig,v4_Dharia_log2FC,v4_Dharia_padj,v4_Dharia_sig,v3_PTT1_log2FC,v3_PTT1_padj,v3_PTT1_sig,v4_PTT1_log2FC,v4_PTT1_padj,v4_PTT1_sig,Dharia_status,PTT1_status
Os01g0128300,Ethyelene signalling gene,-0.611102853009479,0.467264414388531,False,-0.446084480850457,0.909133324282186,False,-1.18511800791791,0.0003373826801035,True,-1.17674986612314,0.0007005590002636,True,never sig,sig in both
Os01g0169800,Ethyelene signalling gene,-0.42728713276083,0.389243566245878,False,-0.107978833426588,1.0,False,-1.06211498302953,2.31655614656782e-07,True,-1.05335081282059,0.0001417849896043,True,never sig,sig in both
Os01g0192900,Ethyelene signalling gene,-0.46837002791614,0.725948472488713,False,-0.781243565225479,0.586635811529017,False,-1.58972268843857,6.4224803858249e-05,True,-1.58120564332416,8.6925711825915e-05,True,never sig,sig in both
Os04g0578000,Ethyelene signalling gene,-0.722406165237308,0.34752675574521,False,0.160371532219072,1.0,False,-1.53437018952403,3.04601914157136e-06,True,-1.52574755521615,0.0042794981668963,True,never sig,sig in both
Os06g0181700,Ethyelene signalling gene,-0.3991279129669,0.894447596156776,False,-0.303901089343969,1.0,False,-0.139053903374894,0.875344374290263,False,-0.129548804818765,0.877671737471547,False,never sig,never sig
Os03g0727600,Ethyelene signalling gene,0.227042505467542,0.964893709154075,False,-1.07281512559457,0.880234728735207,False,-2.07422760394182,0.0031929477794053,True,-2.06561425516248,0.0121065857747751,True,never sig,sig in both
Os06g0194000,Ethyelene signalling gene,-0.0871905541920584,0.938006119069584,False,-0.244481220522906,0.95237629610951,False,-0.520269870263497,0.0073801343574551,True,-0.51187299537336,0.0173317083791166,True,never sig,sig in both
Os05g0210100,Ethyelene signalling gene,-0.607003874233881,0.391411533834878,False,-0.360925483915006,0.975211128990137,False,-1.32178095711988,6.90400346565796e-06,True,-1.31300876515465,6.39692997189123e-05,True,never sig,sig in both
Os01g0580500,Ethyelene signalling gene,-0.543164099205068,0.497338229363699,False,-0.880440610799053,0.487353871522485,False,-1.49723833803749,1.13842025782486e-06,True,-1.48789184740112,0.0004164155353644,True,never sig,sig in both
Os06g0654300,Ethyelene signalling gene,-0.446042722620903,0.451688857017933,False,-0.165703999807666,1.0,False,-0.693946018235395,0.0037234491249697,True,-0.685124822948124,0.048370921708814,True,never sig,sig in both
Os04g0610400,Ethyelene signalling gene,0.466443379017825,0.792922155776258,False,0.252272424782158,1.0,False,0.505134757926986,0.33653584353701,False,0.51386369720371,0.376296844471068,False,never sig,never sig
Os06g0115200,Ethyelene signalling gene,-0.276398848813387,0.56564632007704,False,-0.110365521131679,1.0,False,-0.0844084028283172,0.687397344720408,False,-0.0756073009943152,0.747448107708938,False,never sig,never sig
Os09g0451400,Ethyelene signalling gene,0.875762125356272,0.299908753286428,False,0.640656395146508,0.874595912153511,False,0.435182858038926,0.277926795999873,False,0.443221406610125,0.386831510842404,False,never sig,never sig
Os02g0771600,Ethyelene signalling gene,1.94258344854406,0.146786472030442,False,0.1863040083709,1.0,False,1.14162878859589,0.101169813946822,False,1.15198864486432,0.211573009017589,False,never sig,never sig
Os07g0155600,Ethyelene signalling gene,-0.121735933981539,0.830183913062283,False,-0.158136078619933,0.983361527543636,False,0.27029337011264,0.0677897973576879,True,0.27920081827093,0.0700674484154233,True,never sig,sig in both
Os11g0572700,Ethyelene signalling gene,0.763087348586727,0.0703281146889208,True,0.0994767756227293,1.0,False,1.29859507543542,7.460905928495581e-09,True,1.3080354703326,0.0002596279594708,True,lost in v4 (DC3/DN3 added back),sig in both
Os09g0286600,Ethyelene signalling gene,0.149315866976191,0.890546430157805,False,0.332248418819108,0.868238486817946,False,0.465057735296243,0.0508592692231766,True,0.474017811738729,0.0580434133755404,True,never sig,sig in both
Os03g0324300,Ethyelene signalling gene,0.210056209233845,0.456007027368755,False,0.0598892606828017,1.0,False,0.958764063899895,8.077077402316042e-19,True,0.967799677560647,6.73138825768683e-13,True,never sig,sig in both
Os08g0537900,Ethyelene signalling gene,-0.014256750696194,1.0,False,-0.011839913323352,1.0,False,1.12015447904866,2.8843883360114904e-14,True,1.12935658586061,5.5072297820429486e-11,True,never sig,sig in both
Os05g0149400,Ethyelene signalling gene,0.77618577445696,0.317331958053422,False,1.25582837872228,0.0631141607426317,True,2.03813686543657,1.16660355016655e-09,True,2.04689656326351,1.57361724474181e-07,True,gained in v4,sig in both
Os11g0186900,Ethyelene signalling gene,-0.322648258834813,0.675602961694224,False,0.0878629270147143,1.0,False,2.60642433653106,6.285159227076298e-29,True,2.61561247311735,6.10699253506886e-16,True,never sig,sig in both
Os01g0867300,ABA repsonsive gene,0.742089342611465,0.0006466416996472,True,0.0678650682158066,1.0,False,1.58222435128475,8.99569844657768e-32,True,1.5918661233971,7.49655703922437e-07,True,lost in v4 (DC3/DN3 added back),sig in both
Os02g0704000,ABA repsonsive gene,0.434426929609348,0.755886978527809,False,0.579041302268351,0.98317071044921,False,3.78903662791257,7.94673198641677e-23,True,3.79818637518919,8.14999559961874e-13,True,never sig,sig in both
Os05g0592800,ABA repsonsive gene,0.0910173139140314,0.870243094696538,False,0.0785768734848252,1.0,False,0.114582464298788,0.423689939213861,False,0.123295435645687,0.383551301988001,False,never sig,never sig
Os07g0164900,ABA repsonsive gene,0.358080887413597,0.397974470467412,False,0.170061744900627,1.0,False,0.338791020860489,0.0660886899371132,True,0.347717372245491,0.151200252006218,False,never sig,lost in v4 (DC3/DN3 added back)
Os03g0645900,ABA repsonsive gene,0.0817271137334817,0.996316603080217,False,-0.53601203562898,1.0,False,1.58761253273035,0.0068529188334856,True,1.59996225967445,0.0308303346561194,True,never sig,sig in both
Os02g0149800,ABA repsonsive gene,0.365136245331335,0.0541679955621485,True,-0.128168166656959,1.0,False,0.2752153540463,0.0093997891271977,True,0.283751946296155,0.374791229717024,False,lost in v4 (DC3/DN3 added back),lost in v4 (DC3/DN3 added back)
Os03g0821300,ABA repsonsive gene,0.123921879909017,0.883580812354912,False,-0.0987053397553497,1.0,False,0.443058303481294,0.0185752017375863,True,0.452070718748676,0.0626989895998702,True,never sig,sig in both
Os02g0766700,ABA repsonsive gene,0.102887356464511,0.871332024882246,False,0.0870745670179171,1.0,False,0.733326918594979,2.48725685620108e-07,True,0.742230077637907,2.11455974204478e-07,True,never sig,sig in both
Os05g0213500,ABA repsonsive gene,0.237159847064344,0.202988381955953,False,0.177526165999296,0.819337183164203,False,0.778295639059594,1.9713907944527301e-19,True,0.787422184551804,8.24799722840275e-12,True,never sig,sig in both
Os05g0457200,ABA repsonsive gene,0.740528096310606,0.786289149531928,False,1.08691417586018,0.995669089319394,False,-0.0650007399445985,0.963018361271163,False,-0.0584853862498156,0.984762478063299,False,never sig,never sig
Os03g0610900,ABA repsonsive gene,-0.0077325574535936,1.0,False,-0.169818182518135,1.0,False,1.66932248003245,2.22851789063728e-08,True,1.67896588215561,1.29668962493004e-08,True,never sig,sig in both
Os07g0154100,ABA repsonsive gene,1.95436017268275,0.58550397382911,False,0.959044042727277,1.0,False,6.70083127758317,0.0001801429164379,True,6.70754774933348,0.0001803116784579,True,never sig,sig in both
Os01g0656200,ABA repsonsive gene,-0.152349868984554,0.961727811088207,False,0.560405234138884,0.987200984436457,False,-1.2445772721707,0.0049144468167683,True,-1.23714398443924,0.0243373658534878,True,never sig,sig in both
Os06g0562200,ABA repsonsive gene,-0.204443200099887,0.933120375367332,False,0.338877966179037,1.0,False,-2.22858084953108,9.59151092623239e-08,True,-2.22067323075529,3.05490740056712e-06,True,never sig,sig in both
Os10g0573400,ABA repsonsive gene,-0.519226021502883,0.503449008678484,False,-0.206633859721154,1.0,False,-1.27379993063748,1.36190228653325e-05,True,-1.26548457473527,7.58999323199071e-05,True,never sig,sig in both
Os03g0810800,ABA repsonsive gene,-0.503823006472594,0.31964935696305,False,-0.116389773586216,1.0,False,-0.666146986742084,0.0031189167264717,True,-0.657461706058719,0.0202996813236713,True,never sig,sig in both
Os03g0297600,ABA repsonsive gene,0.236537272305803,0.578642214380661,False,-0.338272679867947,0.959473161692303,False,-0.905166415278604,1.06190271225738e-09,True,-0.896336843695455,0.0027268494009092,True,never sig,sig in both
Os05g0572700,ABA repsonsive gene,1.36870346973936,,False,0.0006282470653109,1.0,False,-1.1304570384785,0.376162779712841,False,-1.12380986826593,0.420729506011077,False,never sig,never sig
Os07g0281700,ABA repsonsive gene,-1.3185286502898,0.0294657233092511,True,-0.673809782426374,0.863419728246554,False,-0.61021455043499,0.0933646948237454,True,-0.600404155105018,0.258309155641133,False,lost in v4 (DC3/DN3 added back),lost in v4 (DC3/DN3 added back)
Os09g0325700,ABA repsonsive gene,0.571395534406222,0.780013523307655,False,-0.15432682641068,1.0,False,0.761358720231165,0.192228492653415,False,0.769146073387032,0.237431063059191,False,never sig,never sig
Os01g0846300,ABA repsonsive gene,0.128896875591746,0.902373956662584,False,0.123661242142935,1.0,False,0.644397173628096,0.0026643094505109,True,0.653193043957102,0.0123255277721762,True,never sig,sig in both
Os12g0617400,ABA repsonsive gene,1.65568774160769,0.500597256729699,False,1.15846108159931,1.0,False,2.93894497918276,0.0010886584818525,True,2.94827123633004,0.0192041065567135,True,never sig,sig in both
Os07g0622000,ABA repsonsive gene,-0.111976555228455,0.874156950586786,False,0.100876608974877,1.0,False,-0.468411996717141,0.0033928793096648,True,-0.459467783437138,0.0219460043511786,True,never sig,sig in both
Os02g0799000,ABA repsonsive gene,-0.204834832286303,0.693662808091732,False,-0.0747188556141518,1.0,False,-0.0052444605292218,0.998549376600374,False,0.0038253884754489,1.0,False,never sig,never sig
Os12g0586100,ABA repsonsive gene,-0.0291710677065564,0.998466295447212,False,0.430883201981874,0.863419728246554,False,0.378270397764624,0.108764074973483,False,0.387127691886032,0.252080273866262,False,never sig,never sig
Os03g0764800,ABA repsonsive gene,-0.167233900027037,0.5254150636538,False,-0.100927332256284,1.0,False,-0.241876090801981,0.0158711870501205,True,-0.23308575894036,0.0707794522176963,True,never sig,sig in both
Os06g0211200,ABA repsonsive gene,-0.185032567938307,0.846411507494723,False,0.372533933542797,0.980199786329648,False,0.011661584554756,0.986291211550863,False,0.0210506677388349,0.979743869490942,False,never sig,never sig
Os08g0109400,Auxin responsive gene,0.826006578405622,0.0619347109150298,True,0.234036271013757,1.0,False,1.38592146657668,6.01137564809289e-09,True,1.39537678871571,6.37546321867476e-05,True,lost in v4 (DC3/DN3 added back),sig in both
Os01g0178500,Auxin responsive gene,0.200621347844371,0.614116850389737,False,-0.324191693342187,0.95685975633512,False,0.482244059173416,0.0003938263935946,True,0.49112914650824,0.0996210349455693,True,never sig,sig in both
Os01g0190300,Auxin responsive gene,1.09419847528608,0.0144688539144661,True,-0.553078666047866,1.0,False,1.21873902428326,2.79737554415222e-06,True,1.2277858152769,0.0575690632296045,True,lost in v4 (DC3/DN3 added back),sig in both
Os12g0479400,Auxin responsive gene,0.488528407489136,0.342898271678349,False,0.484235615000753,0.781300416636262,False,0.644847001837791,0.0044049287259488,True,0.653273815634884,0.0363194485665786,True,never sig,sig in both
Os03g0162000,Auxin responsive gene,0.0529765981840746,0.983807728748465,False,-0.250175097736969,1.0,False,1.03619005877901,6.29297845799521e-06,True,1.04474347849692,0.0012810225244985,True,never sig,sig in both
Os11g0523800,Auxin responsive gene,0.166653292473533,0.581889293936443,False,0.0343466605074495,1.0,False,0.591514639108504,2.41617684075773e-08,True,0.600460411560052,2.53922361853445e-06,True,never sig,sig in both
Os06g0166500,Auxin responsive gene,0.402922648715893,0.549866991735743,False,-0.0469385941726142,1.0,False,1.68562567142132,1.89600882273135e-12,True,1.69504006523637,2.83810082202627e-07,True,never sig,sig in both
Os01g0286900,Auxin responsive gene,0.0913240322699459,0.980469466462194,False,-0.294296367850087,1.0,False,0.725332394617359,0.0510846285909126,True,0.735600184104787,0.119806585771315,False,never sig,lost in v4 (DC3/DN3 added back)
Os02g0512000,Auxin responsive gene,0.196670719164284,0.846411507494723,False,-0.404240104361783,0.957181524970947,False,1.06299433385531,1.06483004206589e-05,True,1.07221855125753,0.0025468683166697,True,never sig,sig in both
Os05g0523300,Auxin responsive gene,-0.0296076835835564,0.994082291518724,False,-0.0970567412389046,1.0,False,-0.121598805998933,0.587350738422077,False,-0.113082798295433,0.620305043135399,False,never sig,never sig
Os01g0741900,Auxin responsive gene,0.0488974592955548,0.963034687031851,False,-0.185005226908089,1.0,False,-0.121673618077845,0.451922781169675,False,-0.113075691679627,0.630706069087979,False,never sig,never sig
Os08g0529000,Auxin responsive gene,0.0,1.0,False,-7.04870838239139,0.181295994133805,False,1.08870951665273,0.572338453363865,False,1.09727587463291,0.698585111003164,False,never sig,never sig
Os07g0684900,Auxin responsive gene,-1.43671544688024,0.165355586463285,False,-1.35840561338096,0.20773301629651,False,-0.0188101188096584,0.995709726331011,False,-0.0100909414498637,1.0,False,never sig,never sig
Os01g0643300,Auxin responsive gene,-0.737907102812123,,False,-0.195574609838335,1.0,False,-0.612851589143865,0.798644993573241,False,-0.605782948516495,0.827029550070038,False,never sig,never sig
Os01g0273800,Auxin responsive gene,-0.0182769462543491,1.0,False,0.0519949781252765,1.0,False,-2.22745735285342,3.63466071456992e-06,True,-2.21958200580288,1.02464225811234e-05,True,never sig,sig in both
Os06g0657500,Auxin responsive gene,0.323835100342852,0.875000677055835,False,0.890234654072014,0.691322003044318,False,-2.11031745654114,3.44548137574574e-06,True,-2.10227517643435,2.78326690650355e-05,True,never sig,sig in both
Os12g0613700,Auxin responsive gene,-0.276987407492834,0.30115187116554,False,0.013935546885402,1.0,False,-0.388125919032636,0.0013026286975232,True,-0.379324769553667,0.126443244676089,False,never sig,lost in v4 (DC3/DN3 added back)
Os05g0563400,Auxin responsive gene,-0.165621687748714,0.777615246265468,False,-0.0985126202492667,1.0,False,-1.00613597173551,1.7872374234271102e-10,True,-0.997593990495909,1.2506145634495e-10,True,never sig,sig in both
Os06g0335500,Auxin responsive gene,-0.361405766576968,0.169669196460368,False,-0.0878092808973179,1.0,False,-0.55069193233452,2.02626959819588e-05,True,-0.542169923737291,0.0032852466528244,True,never sig,sig in both
Os03g0633800,Auxin responsive gene,-0.451112848676023,0.70319973284166,False,-0.22817592695637,1.0,False,-1.59176599353768,9.81842209447114e-06,True,-1.58344809350836,2.07960329596241e-05,True,never sig,sig in both
Os06g0660200,Auxin responsive gene,-0.284551936399774,0.86875978947199,False,0.0294693760837817,1.0,False,-1.49303326020313,0.0001384740305646,True,-1.48442058375374,0.0011407838588241,True,never sig,sig in both
Os04g0671900,Auxin responsive gene,-0.388705342519071,0.437669028386358,False,-0.0940767751741517,1.0,False,-1.57886796678656,1.3091228116315201e-15,True,-1.57031185326874,7.732933842875289e-11,True,never sig,sig in both
Os01g0856500,Auxin responsive gene,-0.331703826206192,0.643744551956677,False,-0.154101423241568,1.0,False,-1.20606656534661,2.36044166100283e-07,True,-1.19732572060985,2.77429112504864e-06,True,never sig,sig in both
Os06g0232300,Auxin responsive gene,-0.487441525527458,0.572238198552894,False,-0.244982166780924,1.0,False,-1.5001353214301,9.11979256300283e-07,True,-1.49170507283061,3.66450471915498e-05,True,never sig,sig in both
Os02g0743400,Auxin responsive gene,-0.493622910675655,0.395892571075718,False,-0.184432648673155,1.0,False,-1.34153461148127,1.9997394642409e-08,True,-1.33280825948172,5.77981529611696e-06,True,never sig,sig in both
Os12g0601400,Auxin responsive gene,-0.49633872214635,0.672966190824972,False,-0.254170426973405,1.0,False,-1.76545245255268,1.8547330612248e-06,True,-1.75699249724531,6.7085182865792e-06,True,never sig,sig in both
Os06g0597000,Auxin responsive gene,-0.241560219557384,0.678846490199497,False,-0.131784911018925,1.0,False,-1.08702908459905,2.11703526482686e-09,True,-1.07793500963668,1.16478641565342e-08,True,never sig,sig in both
Os12g0133800,Auxin responsive gene,-0.989262497759803,0.42424361844906,False,-0.667981485808652,0.933070524990536,False,-3.05140296099639,2.21178323064589e-09,True,-3.04367667293902,5.07741286250086e-08,True,never sig,sig in both
Os03g0742900,Auxin responsive gene,-0.665828395498804,0.303725666897138,False,-0.301680290597382,1.0,False,-1.46874977972613,2.8733840325425e-07,True,-1.46009629173527,9.42881164021692e-06,True,never sig,sig in both
Os03g0633500,Auxin responsive gene,-0.610925505104081,0.628542748280973,False,-0.325649248567812,1.0,False,-1.95476411284886,3.29101122858131e-06,True,-1.94632563633903,6.43239868660509e-06,True,never sig,sig in both
Os11g0137000,Auxin responsive gene,-1.05440851119682,0.354677637405718,False,-0.780132468586253,0.839659612759341,False,-3.22545306417527,4.02612803445986e-11,True,-3.21730848880238,1.69414368936582e-09,True,never sig,sig in both
Os01g0802700,Auxin responsive gene,0.374962443172959,0.867905511465683,False,-0.0674658502878584,1.0,False,-0.877632990043039,0.112100372659857,False,-0.869510476490633,0.163566682240304,False,never sig,never sig
Os04g0608300,Auxin responsive gene,0.422545074701583,0.722990405736873,False,0.722600377630849,0.637231729915801,False,-1.02897964844802,0.0044872742131379,True,-1.01999031482294,0.0104828419311256,True,never sig,sig in both
Os02g0805100,Auxin responsive gene,0.108680540033765,0.943781523638379,False,-0.54354860822779,0.844044185075128,False,-0.0215687431628292,0.964757638334428,False,-0.0119644637283464,0.998216629707222,False,never sig,never sig
Os02g0817600,Auxin responsive gene,0.13040159627266,0.828116026323114,False,0.199635101440964,0.89046241972219,False,0.190926763445775,0.243381746266148,False,0.199556776888865,0.220322935069885,False,never sig,never sig
Os01g0231000,Auxin responsive gene,-0.447747936236279,0.0488773587228916,True,-0.213644463058479,0.915343797746269,False,-0.324307018907759,0.011445360805633,True,-0.315529378210031,0.0725257920969681,True,lost in v4 (DC3/DN3 added back),sig in both
Os05g0230700,Auxin responsive gene,-0.426377310100929,0.0490949576570256,True,-0.365649949260635,0.361788241340255,False,-0.0468260287663882,0.75514471030382,False,-0.037875038292731,0.861030037522097,False,lost in v4 (DC3/DN3 added back),never sig
Os03g0179950,Jasmonate responsive gene,-0.965527827631919,0.320352097092801,False,0.358140084560078,1.0,False,-0.713068386331548,0.114150736130559,False,-0.706730986187893,0.366009478019048,False,never sig,never sig
Os04g0653000,Jasmonate responsive gene,-0.628575313315867,0.106330798553934,False,-0.0719722463020087,1.0,False,-0.834448579415069,3.51005908560442e-05,True,-0.82596899578021,0.0130166093595925,True,never sig,sig in both
Os09g0439200,Jasmonate responsive gene,-1.00441407553062,0.23541212744206,False,-0.433202985943947,1.0,False,-0.940238026149753,0.0206592467650842,True,-0.93228588310609,0.0580334277985442,True,never sig,sig in both
Os07g0153000,Jasmonate responsive gene,0.442311545096787,,False,-2.34670925207499,1.0,False,-3.16372349700312,0.290865695405927,False,-3.15585249131714,0.303037813127188,False,never sig,never sig
Os03g0181100,Jasmonate responsive gene,0.226449281525319,0.961727811088207,False,0.118275590118775,1.0,False,-0.817802837391456,0.249466020185067,False,-0.809546958376372,0.247107841313261,False,never sig,never sig
Os03g0767000,Jasmonate responsive gene,-0.988791951776123,0.117437280970646,False,-0.822972072878869,0.682668298265693,False,-0.806265844515745,0.015941798137789,True,-0.797714614966818,0.102950997911314,False,never sig,lost in v4 (DC3/DN3 added back)
Os03g0438100,Jasmonate responsive gene,-0.491884495105893,0.299356030380601,False,-0.196157867669636,1.0,False,-0.948854009782046,6.68728201616451e-06,True,-0.940170678141343,0.0001391562603886,True,never sig,sig in both
Os04g0397000,Jasmonate responsive gene,-0.380348729762597,0.457263476349772,False,0.0457931654929341,1.0,False,-1.03384297338829,2.58799465864284e-07,True,-1.02525508336319,0.0001670688084054,True,never sig,sig in both
Os08g0459600,Jasmonate responsive gene,-0.584274569018775,0.0067083698383777,True,-0.0936365480823997,1.0,False,0.172690697072933,0.22070320962554,False,0.181798199450846,0.571918352001346,False,lost in v4 (DC3/DN3 added back),never sig
Os03g0225900,Jasmonate responsive gene,1.15127153335517,0.800955528870125,False,3.2687279762923,0.423795436358383,False,1.97178922996147,0.0594615898666158,True,1.98228377126442,0.139184081071186,False,never sig,lost in v4 (DC3/DN3 added back)
Os03g0180900,Jasmonate responsive gene,0.161639511467583,0.953550397892131,False,0.809148838931811,0.989940710208125,False,-0.296614012603796,0.513215422695498,False,-0.287853730577661,0.769241553476537,False,never sig,never sig
Os06g0216300,Jasmonate responsive gene,1.3689276376824,3.13058720835967e-10,True,1.16488491977288,1.33136477862133e-06,True,0.258269472219124,0.113126497152402,False,0.267143683745711,0.208323452907417,False,sig in both,never sig
Os03g0180800,Jasmonate responsive gene,0.733158449674257,0.831258283453302,False,-0.311765578628615,1.0,False,1.36613975456971,0.132900685489444,False,1.37492821485386,0.154758164203181,False,never sig,never sig
Os01g0221100,Jasmonate responsive gene,0.905606398530876,0.459581030335174,False,-0.28067343977061,1.0,False,2.03154429645084,2.26550708794065e-05,True,2.04121590768347,0.0028419742793321,True,never sig,sig in both
Os01g0853400,Jasmonate responsive gene,0.170183817081069,0.740472375252407,False,-0.192623805797589,1.0,False,0.817818192074973,3.12303184651298e-08,True,0.826806257481508,0.0002621462778648,True,never sig,sig in both
Os05g0586200,Jasmonate responsive gene,0.147577674369829,0.842314523115546,False,0.200740679244905,0.993786409650274,False,0.62758597501119,0.0004728671367324,True,0.636665721593311,0.00135901002372,True,never sig,sig in both
Os03g0402800,Jasmonate responsive gene,-0.122160567320173,0.839350968729972,False,-0.0457917098081186,1.0,False,0.266720786986015,0.0834529556553778,True,0.275609671250169,0.0912686610563776,True,never sig,sig in both
Os07g0615200,Jasmonate responsive gene,-0.121199316154412,0.855139309781012,False,-0.0537190295728203,1.0,False,0.428702169362013,0.0065463370052451,True,0.4375993630398,0.0313990544838541,True,never sig,sig in both
Os03g0741100,Jasmonate responsive gene,0.67551753006697,0.327688477175949,False,0.987240520128294,0.111604994437341,False,1.64256800301312,3.93932080650876e-08,True,1.6512601134716,7.11193050971415e-07,True,never sig,sig in both
Os10g0392400,Jasmonate responsive gene,-0.0246902855524561,1.0,False,0.477718880620781,1.0,False,1.49242365133475,0.001426312966323,True,1.50239009397184,0.0114265396454342,True,never sig,sig in both
Os10g0391400,Jasmonate responsive gene,0.910674144784649,0.887594614374962,False,0.459182587557719,1.0,False,-1.11277246364388,0.503394487106731,False,-1.0961830805269,0.600808992970286,False,never sig,never sig
Os03g0179900,Jasmonate responsive gene,0.0439743632990508,0.984071237265713,False,0.325938449616865,0.846772583822761,False,-0.250327489983428,0.231414820929383,False,-0.241589001283197,0.342935783617436,False,never sig,never sig
Os03g0707600,Jasmonate responsive gene,-0.178581639339881,0.743882381586774,False,-0.0997311008614403,1.0,False,-0.453479923915788,0.0047353201479415,True,-0.444622075566781,0.0081730760187571,True,never sig,sig in both
Os11g0658700,Jasmonate responsive gene,-1.79048187332037,,False,-2.33501870059731,0.913951381446753,False,2.85678498305326,0.126025509395058,False,2.8696575003264,0.150083875314254,False,never sig,never sig
Os08g0499300,Jasmonate responsive gene,1.58024332603396,2.89311859438222e-12,True,1.03618685060575,0.0471834567872743,True,0.24764902021651,0.159110586920478,False,0.255430565258625,0.484093680321348,False,sig in both,never sig
Os10g0533600,Jasmonate responsive gene,-0.100007796610071,0.837663162616413,False,-0.0295238540304236,1.0,False,-0.0089707626807962,0.970739780066225,False,-0.0002151102917004,1.0,False,never sig,never sig
Os01g0235700,Jasmonate responsive gene,-0.0973752269427629,0.867138912642663,False,-0.0575004474361616,1.0,False,0.290922571138106,0.0340183965649397,True,0.299731704862016,0.0255903572791253,True,never sig,sig in both
Os10g0575000,Jasmonate responsive gene,0.0061988798294317,1.0,False,-0.0018690052997807,1.0,False,0.25980039524609,0.0369441319209542,True,0.268833188311137,0.0541745214117606,True,never sig,sig in both
Os01g0248900,Cell wall responsive gene,0.360785714586106,0.867110529828202,False,1.98654138598153,0.158300413013652,False,-0.966630452252566,0.0579038425079308,True,-0.958265332998706,0.214321857347639,False,never sig,lost in v4 (DC3/DN3 added back)
Os09g0518200,Cell wall responsive gene,1.89513015401222,5.427617112491e-08,True,1.46471873716789,0.0003444546749252,True,0.786194433285094,0.0013513286801089,True,0.795034565675026,0.0122045308567723,True,sig in both,sig in both
Os06g0108600,Cell wall responsive gene,-2.43975442003878,8.80161600068509e-05,True,-2.43059308549742,2.13256360915284e-06,True,-3.26746350792496,5.84329397909988e-16,True,-3.25777454513041,2.06222193711438e-15,True,sig in both,sig in both
Os03g0822000,Cell wall responsive gene,-0.627229096642349,0.653384100453952,False,-0.34015779286601,1.0,False,-2.03873640681614,6.75838521175862e-06,True,-2.03037617849196,1.15892708240588e-05,True,never sig,sig in both
Os08g0237000,Cell wall responsive gene,-0.697124123235483,0.367298908086999,False,-0.263449238875932,1.0,False,-1.65132845420514,3.88778121704244e-07,True,-1.64308756576492,1.01049556309505e-05,True,never sig,sig in both
Os10g0556100,Cell wall responsive gene,-0.332026267128966,0.840742028718272,False,0.236110709678312,1.0,False,-2.22908436960216,1.8345253703075e-08,True,-2.2209365837842,1.14060984001014e-06,True,never sig,sig in both
Os11g0539200,Cell wall responsive gene,-0.926419153920904,0.463105717963147,False,-0.124094982472641,1.0,False,-2.40143139494447,1.11328931752648e-06,True,-2.39344113995954,5.72739607476e-05,True,never sig,sig in both
Os03g0301200,Cell wall responsive gene,-0.239569112969165,0.697862183266081,False,-0.333072757233667,0.745674959474524,False,-0.986519037451312,1.66035307277108e-07,True,-0.977826338787759,7.76504501452051e-07,True,never sig,sig in both
Os10g0397400,Cell wall responsive gene,-0.476758984149914,0.517386422702904,False,-0.300639407441834,0.995669089319394,False,-1.0841452451119,8.62749893730688e-05,True,-1.07545606807083,0.0004120657120872,True,never sig,sig in both
Os03g0302900,Cell wall responsive gene,-0.179608116399011,0.912941919753241,False,0.257651417156089,1.0,False,-1.73210216039949,3.36324460278714e-08,True,-1.72356508745677,1.19128994777576e-05,True,never sig,sig in both
Os05g0477600,Cell wall responsive gene,-0.149470715638104,0.955640328360214,False,0.256316990784599,1.0,False,-1.89949847721905,1.62383770551827e-06,True,-1.89085502211079,1.25256519388697e-05,True,never sig,sig in both
Os01g0663300,Cell wall responsive gene,-0.133372813175783,0.973501764675882,False,0.462593594463715,1.0,False,-2.21341129559978,9.31100360562712e-07,True,-2.205320151566,1.15090207934098e-05,True,never sig,sig in both
Os10g0535900,Cell wall responsive gene,-0.884683832881031,0.585507470204569,False,-0.249880265998419,1.0,False,-1.72987917786938,0.002760702460837,True,-1.72075514850169,0.0072205086634052,True,never sig,sig in both
Os03g0332100,Cell wall responsive gene,0.638686173175898,0.580416328113283,False,0.371474608183058,1.0,False,0.194282134431375,0.700250585501407,False,0.201836526681719,0.702596085931364,False,never sig,never sig
Os04g0583500,Cell wall responsive gene,-0.97069561874196,2.41259793445699e-05,True,-0.835677505900326,0.0422838547516047,True,-0.389248267143027,0.0141403500419099,True,-0.380304814131876,0.158556128035487,False,sig in both,lost in v4 (DC3/DN3 added back)
Os03g0336400,Cell wall responsive gene,1.4498354596228,0.192385634017911,False,1.26573255970323,0.259005703113764,False,-1.01282633936026,0.0845236224826253,True,-1.00517833543816,0.0631544888635942,True,never sig,sig in both
Os03g0856700,Cell wall responsive gene,1.06371974153131,0.0524221029860673,True,0.013243640487917,1.0,False,1.02672369720619,0.0007037012971752,True,1.03543079040175,0.0633753518305196,True,lost in v4 (DC3/DN3 added back),sig in both
Os04g0613600,Mechano sensing gene,-0.487909980637148,0.713219342793262,False,1.18427049876596,1.0,False,-1.63189216370163,3.019380805628e-05,True,-1.62378220422599,0.241078889448151,False,never sig,lost in v4 (DC3/DN3 added back)
Os03g0284100,Mechano sensing gene,-0.0643091589194212,0.911386062709292,False,0.242850849033607,0.929110020371748,False,0.321761895986177,0.0045002416755412,True,0.33036332921643,0.117219168820554,False,never sig,lost in v4 (DC3/DN3 added back)
Os03g0283100,Mechano sensing gene,0.309280416105345,0.626537478416802,False,0.173677880623105,1.0,False,0.0290682212196376,0.93068985390774,False,0.0373424643457682,0.922643484543326,False,never sig,never sig
Os03g0296800,Mechano sensing gene,-0.125207665670578,0.861168292042786,False,0.281676726615881,0.959795222513846,False,0.0581289869611328,0.779757800437955,False,0.0669772346443159,0.839936353649733,False,never sig,never sig
Os02g0735200,Mechano sensing gene,-0.25211638942695,0.502645072816818,False,-0.0013518465957212,1.0,False,-0.513051351099798,0.0003369353571965,True,-0.504065525988872,0.0070659195380703,True,never sig,sig in both
Os03g0275900,Mechano sensing gene,-0.198633957507734,0.581490266246738,False,0.0046076597098815,1.0,False,-0.31890551315045,0.0139794769044371,True,-0.310110504166733,0.0626641738716967,True,never sig,sig in both
Os11g0106700,Mechano sensing gene,0.12155764903224,0.893853994848082,False,0.195897595860364,1.0,False,-0.0800281921291822,0.735267824685281,False,-0.0710781675844885,0.831634052103417,False,never sig,never sig
Os06g0649000,Mechano sensing gene,0.920365266347999,0.700610817671868,False,1.5152131450688,0.823083122631027,False,1.06736898878256,0.173109338884248,False,1.07866220967085,0.334849946143619,False,never sig,never sig
Os06g0614100,Mechano sensing gene,1.11016087059453,0.0063955992563406,True,0.597500912837196,0.664317530227507,False,1.93832266149468,3.93061561202716e-16,True,1.94757120586897,2.12364634702477e-09,True,lost in v4 (DC3/DN3 added back),sig in both
Os11g0593000,Mechano sensing gene,0.108365841991265,0.946037020548579,False,0.386290346575374,0.874752128164566,False,1.18070456217009,4.3090324684446e-06,True,1.19012110331845,2.14624705416122e-05,True,never sig,sig in both
Os03g0283000,Mechano sensing gene,4.61195911180779,,False,6.56199248223651,0.135242724486303,False,7.02509526217715,0.0014466509421157,True,7.03312830997431,0.0028662400910866,True,never sig,sig in both
Os05g0148700,Mechano sensing gene,1.33270124329541,1.2046427186185e-05,True,0.274430670753058,1.0,False,2.10374668340454,2.10596091798861e-26,True,2.1134684699625,2.45913702089083e-06,True,lost in v4 (DC3/DN3 added back),sig in both
Os06g0130400,Mechano sensing gene,0.576593457452999,0.141620723613178,False,-0.41043762713669,0.999623055439606,False,1.00452332036886,3.08887359505631e-07,True,1.0131739574957,0.020783692351177,True,never sig,sig in both
Os03g0305400,Mechano sensing gene,1.37739368528892,0.329568013286296,False,-2.79994863054055,0.755620366240304,False,-0.16026166184127,0.85411701913243,False,-0.145000875418306,0.965179704527667,False,never sig,never sig
Os12g0106000,Mechano sensing gene,-0.148324816643621,0.822794397711126,False,0.209426481559162,1.0,False,-0.267287040387675,0.132907359762019,False,-0.258298546704271,0.329321342918834,False,never sig,never sig
Os08g0203400,Mechano sensing gene,1.53709044809895,0.232643902902419,False,1.81137953889563,0.304383855219885,False,3.64515710247945,9.44322864449486e-09,True,3.64406144057696,2.47822300987474e-06,True,never sig,sig in both
Os03g0294200,Mechano sensing gene,-0.179122300857428,0.633687890971127,False,-0.213900916230751,0.781068369898808,False,-0.0905977906417324,0.533201709598482,False,-0.0816754603697889,0.609278494712274,False,never sig,never sig
Os03g0298700,Mechano sensing gene,-0.609438771060903,0.350466770428255,False,-0.540038972294698,0.821477721594009,False,0.0714894000989004,0.849278450142736,False,0.0805399003888723,0.872897887467291,False,never sig,never sig
Os02g0532300,Mechano sensing gene,-0.391208010130825,0.556244143135898,False,-0.295435675285298,0.925169168162068,False,-1.11748237927577,3.08836740036589e-06,True,-1.10916651253103,3.36798937654531e-06,True,never sig,sig in both
Os03g0764900,Mechano sensing gene,-0.691305329115082,0.537796796166647,False,-0.417865787495774,1.0,False,-2.18789515337411,9.35616999140487e-08,True,-2.17873789431773,2.97805851564638e-06,True,never sig,sig in both
Os03g0313600,Mechano sensing gene,-0.139833554705788,0.869818814460903,False,0.306684748524901,0.973779711246293,False,-1.18534388975144,4.84574737399112e-10,True,-1.17706118739727,2.26651803811981e-05,True,never sig,sig in both
Os05g0403300,Mechano sensing gene,-0.114774250435573,0.985380336877957,False,0.506911417160303,1.0,False,-2.08439449098229,7.74370747895182e-05,True,-2.07698380593101,0.0004789828191957,True,never sig,sig in both
Os03g0300300,Mechano sensing gene,-0.168782268303526,0.821693423192212,False,0.0694939247640571,1.0,False,-0.580106649260042,0.0023933598020268,True,-0.571407408894516,0.0260332918016619,True,never sig,sig in both
Os04g0526600,Mechano sensing gene,-0.106677140963978,0.992933318719567,False,0.291305741709898,1.0,False,-0.865891070474553,0.236538689888207,False,-0.856253054510794,0.228667925404911,False,never sig,never sig
Os03g0319400,Mechano sensing gene,-0.796664402583004,0.094274310785115,True,-0.296468668362455,1.0,False,-1.07511019546441,1.78574293721312e-05,True,-1.0669065028927,0.0014712889000451,True,lost in v4 (DC3/DN3 added back),sig in both
Os03g0157300,Mechano sensing gene,-0.467365461139168,0.596012689237564,False,-0.201186571798913,1.0,False,-1.21294020969918,7.48444225444201e-05,True,-1.20467362660543,0.0002213721939945,True,never sig,sig in both
Os08g0420600,Mechano sensing gene,-0.595471846147237,0.373813964322983,False,-0.0954746473748397,1.0,False,-1.49061144073272,1.28642206175665e-07,True,-1.4819584712004,3.62606811718577e-05,True,never sig,sig in both
